pec 0 724 VV: Initializing solver
pec 724 724 HH: Experimental CPU: solved 361 of 361 angles at 0.6 GHz
pec 724 724 HH: Robin-BIE solved 0.6 GHz at 0 deg
pec 724 724 HH: Robin-BIE solved 0.6 GHz at 1 deg
pec 724 724 HH: Robin-BIE solved 0.6 GHz at 2 deg
pec 724 724 HH: Robin-BIE solved 0.6 GHz at 3 deg
pec 724 724 HH: Robin-BIE solved 0.6 GHz at 4 deg
pec 724 724 HH: Robin-BIE solved 0.6 GHz at 5 deg
pec 724 724 HH: Robin-BIE solved 0.6 GHz at 6 deg
pec 724 724 HH: Robin-BIE solved 0.6 GHz at 7 deg
pec 724 724 HH: Robin-BIE solved 0.6 GHz at 8 deg
pec 724 724 HH: Robin-BIE solved 0.6 GHz at 9 deg
pec 724 724 HH: Robin-BIE solved 0.6 GHz at 10 deg
pec 724 724 HH: Robin-BIE solved 0.6 GHz at 11 deg
pec 724 724 HH: Robin-BIE solved 0.6 GHz at 12 deg
pec 724 724 HH: Robin-BIE solved 0.6 GHz at 13 deg
pec 724 724 HH: Robin-BIE solved 0.6 GHz at 14 deg
pec 724 724 HH: Robin-BIE solved 0.6 GHz at 15 deg
pec 724 724 HH: Robin-BIE solved 0.6 GHz at 16 deg
pec 724 724 HH: Robin-BIE solved 0.6 GHz at 17 deg
pec 724 724 HH: Robin-BIE solved 0.6 GHz at 18 deg
pec 724 724 HH: Robin-BIE solved 0.6 GHz at 19 deg
pec 724 724 HH: Robin-BIE solved 0.6 GHz at 20 deg
pec 724 724 HH: Robin-BIE solved 0.6 GHz at 21 deg
pec 724 724 HH: Robin-BIE solved 0.6 GHz at 22 deg
pec 724 724 HH: Robin-BIE solved 0.6 GHz at 23 deg
pec 724 724 HH: Robin-BIE solved 0.6 GHz at 24 deg
pec 724 724 HH: Robin-BIE solved 0.6 GHz at 25 deg
pec 724 724 HH: Robin-BIE solved 0.6 GHz at 26 deg
pec 724 724 HH: Robin-BIE solved 0.6 GHz at 27 deg
pec 724 724 HH: Robin-BIE solved 0.6 GHz at 28 deg
pec 724 724 HH: Robin-BIE solved 0.6 GHz at 29 deg
pec 724 724 HH: Robin-BIE solved 0.6 GHz at 30 deg
pec 724 724 HH: Robin-BIE solved 0.6 GHz at 31 deg
pec 724 724 HH: Robin-BIE solved 0.6 GHz at 32 deg
pec 724 724 HH: Robin-BIE solved 0.6 GHz at 33 deg
pec 724 724 HH: Robin-BIE solved 0.6 GHz at 34 deg
pec 724 724 HH: Robin-BIE solved 0.6 GHz at 35 deg
pec 724 724 HH: Robin-BIE solved 0.6 GHz at 36 deg
pec 724 724 HH: Robin-BIE solved 0.6 GHz at 37 deg
pec 724 724 HH: Robin-BIE solved 0.6 GHz at 38 deg
pec 724 724 HH: Robin-BIE solved 0.6 GHz at 39 deg
pec 724 724 HH: Robin-BIE solved 0.6 GHz at 40 deg
pec 724 724 HH: Robin-BIE solved 0.6 GHz at 41 deg
pec 724 724 HH: Robin-BIE solved 0.6 GHz at 42 deg
pec 724 724 HH: Robin-BIE solved 0.6 GHz at 43 deg
pec 724 724 HH: Robin-BIE solved 0.6 GHz at 44 deg
pec 724 724 HH: Robin-BIE solved 0.6 GHz at 45 deg
pec 724 724 HH: Robin-BIE solved 0.6 GHz at 46 deg
pec 724 724 HH: Robin-BIE solved 0.6 GHz at 47 deg
pec 724 724 HH: Robin-BIE solved 0.6 GHz at 48 deg
pec 724 724 HH: Robin-BIE solved 0.6 GHz at 49 deg
pec 724 724 HH: Robin-BIE solved 0.6 GHz at 50 deg
pec 724 724 HH: Robin-BIE solved 0.6 GHz at 51 deg
pec 724 724 HH: Robin-BIE solved 0.6 GHz at 52 deg
pec 724 724 HH: Robin-BIE solved 0.6 GHz at 53 deg
pec 724 724 HH: Robin-BIE solved 0.6 GHz at 54 deg
pec 724 724 HH: Robin-BIE solved 0.6 GHz at 55 deg
pec 724 724 HH: Robin-BIE solved 0.6 GHz at 56 deg
pec 724 724 HH: Robin-BIE solved 0.6 GHz at 57 deg
pec 724 724 HH: Robin-BIE solved 0.6 GHz at 58 deg
pec 724 724 HH: Robin-BIE solved 0.6 GHz at 59 deg
pec 724 724 HH: Robin-BIE solved 0.6 GHz at 60 deg
pec 724 724 HH: Robin-BIE solved 0.6 GHz at 61 deg
pec 724 724 HH: Robin-BIE solved 0.6 GHz at 62 deg
pec 724 724 HH: Robin-BIE solved 0.6 GHz at 63 deg
pec 724 724 HH: Robin-BIE solved 0.6 GHz at 64 deg
pec 724 724 HH: Robin-BIE solved 0.6 GHz at 65 deg
pec 724 724 HH: Robin-BIE solved 0.6 GHz at 66 deg
pec 724 724 HH: Robin-BIE solved 0.6 GHz at 67 deg
pec 724 724 HH: Robin-BIE solved 0.6 GHz at 68 deg
pec 724 724 HH: Robin-BIE solved 0.6 GHz at 69 deg
pec 724 724 HH: Robin-BIE solved 0.6 GHz at 70 deg
pec 724 724 HH: Robin-BIE solved 0.6 GHz at 71 deg
pec 724 724 HH: Robin-BIE solved 0.6 GHz at 72 deg
pec 724 724 HH: Robin-BIE solved 0.6 GHz at 73 deg
pec 724 724 HH: Robin-BIE solved 0.6 GHz at 74 deg
pec 724 724 HH: Robin-BIE solved 0.6 GHz at 75 deg
pec 724 724 HH: Robin-BIE solved 0.6 GHz at 76 deg
pec 724 724 HH: Robin-BIE solved 0.6 GHz at 77 deg
pec 724 724 HH: Robin-BIE solved 0.6 GHz at 78 deg
pec 724 724 HH: Robin-BIE solved 0.6 GHz at 79 deg
pec 724 724 HH: Robin-BIE solved 0.6 GHz at 80 deg
pec 724 724 HH: Robin-BIE solved 0.6 GHz at 81 deg
pec 724 724 HH: Robin-BIE solved 0.6 GHz at 82 deg
pec 724 724 HH: Robin-BIE solved 0.6 GHz at 83 deg
pec 724 724 HH: Robin-BIE solved 0.6 GHz at 84 deg
pec 724 724 HH: Robin-BIE solved 0.6 GHz at 85 deg
pec 724 724 HH: Robin-BIE solved 0.6 GHz at 86 deg
pec 724 724 HH: Robin-BIE solved 0.6 GHz at 87 deg
pec 724 724 HH: Robin-BIE solved 0.6 GHz at 88 deg
pec 724 724 HH: Robin-BIE solved 0.6 GHz at 89 deg
pec 724 724 HH: Robin-BIE solved 0.6 GHz at 90 deg
pec 724 724 HH: Robin-BIE solved 0.6 GHz at 91 deg
pec 724 724 HH: Robin-BIE solved 0.6 GHz at 92 deg
pec 724 724 HH: Robin-BIE solved 0.6 GHz at 93 deg
pec 724 724 HH: Robin-BIE solved 0.6 GHz at 94 deg
pec 724 724 HH: Robin-BIE solved 0.6 GHz at 95 deg
pec 724 724 HH: Robin-BIE solved 0.6 GHz at 96 deg
pec 724 724 HH: Robin-BIE solved 0.6 GHz at 97 deg
pec 724 724 HH: Robin-BIE solved 0.6 GHz at 98 deg
pec 724 724 HH: Robin-BIE solved 0.6 GHz at 99 deg
pec 724 724 HH: Robin-BIE solved 0.6 GHz at 100 deg
pec 724 724 HH: Robin-BIE solved 0.6 GHz at 101 deg
pec 724 724 HH: Robin-BIE solved 0.6 GHz at 102 deg
pec 724 724 HH: Robin-BIE solved 0.6 GHz at 103 deg
pec 724 724 HH: Robin-BIE solved 0.6 GHz at 104 deg
pec 724 724 HH: Robin-BIE solved 0.6 GHz at 105 deg
pec 724 724 HH: Robin-BIE solved 0.6 GHz at 106 deg
pec 724 724 HH: Robin-BIE solved 0.6 GHz at 107 deg
pec 724 724 HH: Robin-BIE solved 0.6 GHz at 108 deg
pec 724 724 HH: Robin-BIE solved 0.6 GHz at 109 deg
pec 724 724 HH: Robin-BIE solved 0.6 GHz at 110 deg
pec 724 724 HH: Robin-BIE solved 0.6 GHz at 111 deg
pec 724 724 HH: Robin-BIE solved 0.6 GHz at 112 deg
pec 724 724 HH: Robin-BIE solved 0.6 GHz at 113 deg
pec 724 724 HH: Robin-BIE solved 0.6 GHz at 114 deg
pec 724 724 HH: Robin-BIE solved 0.6 GHz at 115 deg
pec 724 724 HH: Robin-BIE solved 0.6 GHz at 116 deg
pec 724 724 HH: Robin-BIE solved 0.6 GHz at 117 deg
pec 724 724 HH: Robin-BIE solved 0.6 GHz at 118 deg
pec 724 724 HH: Robin-BIE solved 0.6 GHz at 119 deg
pec 724 724 HH: Robin-BIE solved 0.6 GHz at 120 deg
pec 724 724 HH: Robin-BIE solved 0.6 GHz at 121 deg
pec 724 724 HH: Robin-BIE solved 0.6 GHz at 122 deg
pec 724 724 HH: Robin-BIE solved 0.6 GHz at 123 deg
pec 724 724 HH: Robin-BIE solved 0.6 GHz at 124 deg
pec 724 724 HH: Robin-BIE solved 0.6 GHz at 125 deg
pec 724 724 HH: Robin-BIE solved 0.6 GHz at 126 deg
pec 724 724 HH: Robin-BIE solved 0.6 GHz at 127 deg
pec 724 724 HH: Robin-BIE solved 0.6 GHz at 128 deg
pec 724 724 HH: Robin-BIE solved 0.6 GHz at 129 deg
pec 724 724 HH: Robin-BIE solved 0.6 GHz at 130 deg
pec 724 724 HH: Robin-BIE solved 0.6 GHz at 131 deg
pec 724 724 HH: Robin-BIE solved 0.6 GHz at 132 deg
pec 724 724 HH: Robin-BIE solved 0.6 GHz at 133 deg
pec 724 724 HH: Robin-BIE solved 0.6 GHz at 134 deg
pec 724 724 HH: Robin-BIE solved 0.6 GHz at 135 deg
pec 724 724 HH: Robin-BIE solved 0.6 GHz at 136 deg
pec 724 724 HH: Robin-BIE solved 0.6 GHz at 137 deg
pec 724 724 HH: Robin-BIE solved 0.6 GHz at 138 deg
pec 724 724 HH: Robin-BIE solved 0.6 GHz at 139 deg
pec 724 724 HH: Robin-BIE solved 0.6 GHz at 140 deg
pec 724 724 HH: Robin-BIE solved 0.6 GHz at 141 deg
pec 724 724 HH: Robin-BIE solved 0.6 GHz at 142 deg
pec 724 724 HH: Robin-BIE solved 0.6 GHz at 143 deg
pec 724 724 HH: Robin-BIE solved 0.6 GHz at 144 deg
pec 724 724 HH: Robin-BIE solved 0.6 GHz at 145 deg
pec 724 724 HH: Robin-BIE solved 0.6 GHz at 146 deg
pec 724 724 HH: Robin-BIE solved 0.6 GHz at 147 deg
pec 724 724 HH: Robin-BIE solved 0.6 GHz at 148 deg
pec 724 724 HH: Robin-BIE solved 0.6 GHz at 149 deg
pec 724 724 HH: Robin-BIE solved 0.6 GHz at 150 deg
pec 724 724 HH: Robin-BIE solved 0.6 GHz at 151 deg
pec 724 724 HH: Robin-BIE solved 0.6 GHz at 152 deg
pec 724 724 HH: Robin-BIE solved 0.6 GHz at 153 deg
pec 724 724 HH: Robin-BIE solved 0.6 GHz at 154 deg
pec 724 724 HH: Robin-BIE solved 0.6 GHz at 155 deg
pec 724 724 HH: Robin-BIE solved 0.6 GHz at 156 deg
pec 724 724 HH: Robin-BIE solved 0.6 GHz at 157 deg
pec 724 724 HH: Robin-BIE solved 0.6 GHz at 158 deg
pec 724 724 HH: Robin-BIE solved 0.6 GHz at 159 deg
pec 724 724 HH: Robin-BIE solved 0.6 GHz at 160 deg
pec 724 724 HH: Robin-BIE solved 0.6 GHz at 161 deg
pec 724 724 HH: Robin-BIE solved 0.6 GHz at 162 deg
pec 724 724 HH: Robin-BIE solved 0.6 GHz at 163 deg
pec 724 724 HH: Robin-BIE solved 0.6 GHz at 164 deg
pec 724 724 HH: Robin-BIE solved 0.6 GHz at 165 deg
pec 724 724 HH: Robin-BIE solved 0.6 GHz at 166 deg
pec 724 724 HH: Robin-BIE solved 0.6 GHz at 167 deg
pec 724 724 HH: Robin-BIE solved 0.6 GHz at 168 deg
pec 724 724 HH: Robin-BIE solved 0.6 GHz at 169 deg
pec 724 724 HH: Robin-BIE solved 0.6 GHz at 170 deg
pec 724 724 HH: Robin-BIE solved 0.6 GHz at 171 deg
pec 724 724 HH: Robin-BIE solved 0.6 GHz at 172 deg
pec 724 724 HH: Robin-BIE solved 0.6 GHz at 173 deg
pec 724 724 HH: Robin-BIE solved 0.6 GHz at 174 deg
pec 724 724 HH: Robin-BIE solved 0.6 GHz at 175 deg
pec 724 724 HH: Robin-BIE solved 0.6 GHz at 176 deg
pec 724 724 HH: Robin-BIE solved 0.6 GHz at 177 deg
pec 724 724 HH: Robin-BIE solved 0.6 GHz at 178 deg
pec 724 724 HH: Robin-BIE solved 0.6 GHz at 179 deg
pec 724 724 HH: Robin-BIE solved 0.6 GHz at 180 deg
pec 724 724 HH: Robin-BIE solved 0.6 GHz at 181 deg
pec 724 724 HH: Robin-BIE solved 0.6 GHz at 182 deg
pec 724 724 HH: Robin-BIE solved 0.6 GHz at 183 deg
pec 724 724 HH: Robin-BIE solved 0.6 GHz at 184 deg
pec 724 724 HH: Robin-BIE solved 0.6 GHz at 185 deg
pec 724 724 HH: Robin-BIE solved 0.6 GHz at 186 deg
pec 724 724 HH: Robin-BIE solved 0.6 GHz at 187 deg
pec 724 724 HH: Robin-BIE solved 0.6 GHz at 188 deg
pec 724 724 HH: Robin-BIE solved 0.6 GHz at 189 deg
pec 724 724 HH: Robin-BIE solved 0.6 GHz at 190 deg
pec 724 724 HH: Robin-BIE solved 0.6 GHz at 191 deg
pec 724 724 HH: Robin-BIE solved 0.6 GHz at 192 deg
pec 724 724 HH: Robin-BIE solved 0.6 GHz at 193 deg
pec 724 724 HH: Robin-BIE solved 0.6 GHz at 194 deg
pec 724 724 HH: Robin-BIE solved 0.6 GHz at 195 deg
pec 724 724 HH: Robin-BIE solved 0.6 GHz at 196 deg
pec 724 724 HH: Robin-BIE solved 0.6 GHz at 197 deg
pec 724 724 HH: Robin-BIE solved 0.6 GHz at 198 deg
pec 724 724 HH: Robin-BIE solved 0.6 GHz at 199 deg
pec 724 724 HH: Robin-BIE solved 0.6 GHz at 200 deg
pec 724 724 HH: Robin-BIE solved 0.6 GHz at 201 deg
pec 724 724 HH: Robin-BIE solved 0.6 GHz at 202 deg
pec 724 724 HH: Robin-BIE solved 0.6 GHz at 203 deg
pec 724 724 HH: Robin-BIE solved 0.6 GHz at 204 deg
pec 724 724 HH: Robin-BIE solved 0.6 GHz at 205 deg
pec 724 724 HH: Robin-BIE solved 0.6 GHz at 206 deg
pec 724 724 HH: Robin-BIE solved 0.6 GHz at 207 deg
pec 724 724 HH: Robin-BIE solved 0.6 GHz at 208 deg
pec 724 724 HH: Robin-BIE solved 0.6 GHz at 209 deg
pec 724 724 HH: Robin-BIE solved 0.6 GHz at 210 deg
pec 724 724 HH: Robin-BIE solved 0.6 GHz at 211 deg
pec 724 724 HH: Robin-BIE solved 0.6 GHz at 212 deg
pec 724 724 HH: Robin-BIE solved 0.6 GHz at 213 deg
pec 724 724 HH: Robin-BIE solved 0.6 GHz at 214 deg
pec 724 724 HH: Robin-BIE solved 0.6 GHz at 215 deg
pec 724 724 HH: Robin-BIE solved 0.6 GHz at 216 deg
pec 724 724 HH: Robin-BIE solved 0.6 GHz at 217 deg
pec 724 724 HH: Robin-BIE solved 0.6 GHz at 218 deg
pec 724 724 HH: Robin-BIE solved 0.6 GHz at 219 deg
pec 724 724 HH: Robin-BIE solved 0.6 GHz at 220 deg
pec 724 724 HH: Robin-BIE solved 0.6 GHz at 221 deg
pec 724 724 HH: Robin-BIE solved 0.6 GHz at 222 deg
pec 724 724 HH: Robin-BIE solved 0.6 GHz at 223 deg
pec 724 724 HH: Robin-BIE solved 0.6 GHz at 224 deg
pec 724 724 HH: Robin-BIE solved 0.6 GHz at 225 deg
pec 724 724 HH: Robin-BIE solved 0.6 GHz at 226 deg
pec 724 724 HH: Robin-BIE solved 0.6 GHz at 227 deg
pec 724 724 HH: Robin-BIE solved 0.6 GHz at 228 deg
pec 724 724 HH: Robin-BIE solved 0.6 GHz at 229 deg
pec 724 724 HH: Robin-BIE solved 0.6 GHz at 230 deg
pec 724 724 HH: Robin-BIE solved 0.6 GHz at 231 deg
pec 724 724 HH: Robin-BIE solved 0.6 GHz at 232 deg
pec 724 724 HH: Robin-BIE solved 0.6 GHz at 233 deg
pec 724 724 HH: Robin-BIE solved 0.6 GHz at 234 deg
pec 724 724 HH: Robin-BIE solved 0.6 GHz at 235 deg
pec 724 724 HH: Robin-BIE solved 0.6 GHz at 236 deg
pec 724 724 HH: Robin-BIE solved 0.6 GHz at 237 deg
pec 724 724 HH: Robin-BIE solved 0.6 GHz at 238 deg
pec 724 724 HH: Robin-BIE solved 0.6 GHz at 239 deg
pec 724 724 HH: Robin-BIE solved 0.6 GHz at 240 deg
pec 724 724 HH: Robin-BIE solved 0.6 GHz at 241 deg
pec 724 724 HH: Robin-BIE solved 0.6 GHz at 242 deg
pec 724 724 HH: Robin-BIE solved 0.6 GHz at 243 deg
pec 724 724 HH: Robin-BIE solved 0.6 GHz at 244 deg
pec 724 724 HH: Robin-BIE solved 0.6 GHz at 245 deg
pec 724 724 HH: Robin-BIE solved 0.6 GHz at 246 deg
pec 724 724 HH: Robin-BIE solved 0.6 GHz at 247 deg
pec 724 724 HH: Robin-BIE solved 0.6 GHz at 248 deg
pec 724 724 HH: Robin-BIE solved 0.6 GHz at 249 deg
pec 724 724 HH: Robin-BIE solved 0.6 GHz at 250 deg
pec 724 724 HH: Robin-BIE solved 0.6 GHz at 251 deg
pec 724 724 HH: Robin-BIE solved 0.6 GHz at 252 deg
pec 724 724 HH: Robin-BIE solved 0.6 GHz at 253 deg
pec 724 724 HH: Robin-BIE solved 0.6 GHz at 254 deg
pec 724 724 HH: Robin-BIE solved 0.6 GHz at 255 deg
pec 724 724 HH: Robin-BIE solved 0.6 GHz at 256 deg
pec 724 724 HH: Robin-BIE solved 0.6 GHz at 257 deg
pec 724 724 HH: Robin-BIE solved 0.6 GHz at 258 deg
pec 724 724 HH: Robin-BIE solved 0.6 GHz at 259 deg
pec 724 724 HH: Robin-BIE solved 0.6 GHz at 260 deg
pec 724 724 HH: Robin-BIE solved 0.6 GHz at 261 deg
pec 724 724 HH: Robin-BIE solved 0.6 GHz at 262 deg
pec 724 724 HH: Robin-BIE solved 0.6 GHz at 263 deg
pec 724 724 HH: Robin-BIE solved 0.6 GHz at 264 deg
pec 724 724 HH: Robin-BIE solved 0.6 GHz at 265 deg
pec 724 724 HH: Robin-BIE solved 0.6 GHz at 266 deg
pec 724 724 HH: Robin-BIE solved 0.6 GHz at 267 deg
pec 724 724 HH: Robin-BIE solved 0.6 GHz at 268 deg
pec 724 724 HH: Robin-BIE solved 0.6 GHz at 269 deg
pec 724 724 HH: Robin-BIE solved 0.6 GHz at 270 deg
pec 724 724 HH: Robin-BIE solved 0.6 GHz at 271 deg
pec 724 724 HH: Robin-BIE solved 0.6 GHz at 272 deg
pec 724 724 HH: Robin-BIE solved 0.6 GHz at 273 deg
pec 724 724 HH: Robin-BIE solved 0.6 GHz at 274 deg
pec 724 724 HH: Robin-BIE solved 0.6 GHz at 275 deg
pec 724 724 HH: Robin-BIE solved 0.6 GHz at 276 deg
pec 724 724 HH: Robin-BIE solved 0.6 GHz at 277 deg
pec 724 724 HH: Robin-BIE solved 0.6 GHz at 278 deg
pec 724 724 HH: Robin-BIE solved 0.6 GHz at 279 deg
pec 724 724 HH: Robin-BIE solved 0.6 GHz at 280 deg
pec 724 724 HH: Robin-BIE solved 0.6 GHz at 281 deg
pec 724 724 HH: Robin-BIE solved 0.6 GHz at 282 deg
pec 724 724 HH: Robin-BIE solved 0.6 GHz at 283 deg
pec 724 724 HH: Robin-BIE solved 0.6 GHz at 284 deg
pec 724 724 HH: Robin-BIE solved 0.6 GHz at 285 deg
pec 724 724 HH: Robin-BIE solved 0.6 GHz at 286 deg
pec 724 724 HH: Robin-BIE solved 0.6 GHz at 287 deg
pec 724 724 HH: Robin-BIE solved 0.6 GHz at 288 deg
pec 724 724 HH: Robin-BIE solved 0.6 GHz at 289 deg
pec 724 724 HH: Robin-BIE solved 0.6 GHz at 290 deg
pec 724 724 HH: Robin-BIE solved 0.6 GHz at 291 deg
pec 724 724 HH: Robin-BIE solved 0.6 GHz at 292 deg
pec 724 724 HH: Robin-BIE solved 0.6 GHz at 293 deg
pec 724 724 HH: Robin-BIE solved 0.6 GHz at 294 deg
pec 724 724 HH: Robin-BIE solved 0.6 GHz at 295 deg
pec 724 724 HH: Robin-BIE solved 0.6 GHz at 296 deg
pec 724 724 HH: Robin-BIE solved 0.6 GHz at 297 deg
pec 724 724 HH: Robin-BIE solved 0.6 GHz at 298 deg
pec 724 724 HH: Robin-BIE solved 0.6 GHz at 299 deg
pec 724 724 HH: Robin-BIE solved 0.6 GHz at 300 deg
pec 724 724 HH: Robin-BIE solved 0.6 GHz at 301 deg
pec 724 724 HH: Robin-BIE solved 0.6 GHz at 302 deg
pec 724 724 HH: Robin-BIE solved 0.6 GHz at 303 deg
pec 724 724 HH: Robin-BIE solved 0.6 GHz at 304 deg
pec 724 724 HH: Robin-BIE solved 0.6 GHz at 305 deg
pec 724 724 HH: Robin-BIE solved 0.6 GHz at 306 deg
pec 724 724 HH: Robin-BIE solved 0.6 GHz at 307 deg
pec 724 724 HH: Robin-BIE solved 0.6 GHz at 308 deg
pec 724 724 HH: Robin-BIE solved 0.6 GHz at 309 deg
pec 724 724 HH: Robin-BIE solved 0.6 GHz at 310 deg
pec 724 724 HH: Robin-BIE solved 0.6 GHz at 311 deg
pec 724 724 HH: Robin-BIE solved 0.6 GHz at 312 deg
pec 724 724 HH: Robin-BIE solved 0.6 GHz at 313 deg
pec 724 724 HH: Robin-BIE solved 0.6 GHz at 314 deg
pec 724 724 HH: Robin-BIE solved 0.6 GHz at 315 deg
pec 724 724 HH: Robin-BIE solved 0.6 GHz at 316 deg
pec 724 724 HH: Robin-BIE solved 0.6 GHz at 317 deg
pec 724 724 HH: Robin-BIE solved 0.6 GHz at 318 deg
pec 724 724 HH: Robin-BIE solved 0.6 GHz at 319 deg
pec 724 724 HH: Robin-BIE solved 0.6 GHz at 320 deg
pec 724 724 HH: Robin-BIE solved 0.6 GHz at 321 deg
pec 724 724 HH: Robin-BIE solved 0.6 GHz at 322 deg
pec 724 724 HH: Robin-BIE solved 0.6 GHz at 323 deg
pec 724 724 HH: Robin-BIE solved 0.6 GHz at 324 deg
pec 724 724 HH: Robin-BIE solved 0.6 GHz at 325 deg
pec 724 724 HH: Robin-BIE solved 0.6 GHz at 326 deg
pec 724 724 HH: Robin-BIE solved 0.6 GHz at 327 deg
pec 724 724 HH: Robin-BIE solved 0.6 GHz at 328 deg
pec 724 724 HH: Robin-BIE solved 0.6 GHz at 329 deg
pec 724 724 HH: Robin-BIE solved 0.6 GHz at 330 deg
pec 724 724 HH: Robin-BIE solved 0.6 GHz at 331 deg
pec 724 724 HH: Robin-BIE solved 0.6 GHz at 332 deg
pec 724 724 HH: Robin-BIE solved 0.6 GHz at 333 deg
pec 724 724 HH: Robin-BIE solved 0.6 GHz at 334 deg
pec 724 724 HH: Robin-BIE solved 0.6 GHz at 335 deg
pec 724 724 HH: Robin-BIE solved 0.6 GHz at 336 deg
pec 724 724 HH: Robin-BIE solved 0.6 GHz at 337 deg
pec 724 724 HH: Robin-BIE solved 0.6 GHz at 338 deg
pec 724 724 HH: Robin-BIE solved 0.6 GHz at 339 deg
pec 724 724 HH: Robin-BIE solved 0.6 GHz at 340 deg
pec 724 724 HH: Robin-BIE solved 0.6 GHz at 341 deg
pec 724 724 HH: Robin-BIE solved 0.6 GHz at 342 deg
pec 724 724 HH: Robin-BIE solved 0.6 GHz at 343 deg
pec 724 724 HH: Robin-BIE solved 0.6 GHz at 344 deg
pec 724 724 HH: Robin-BIE solved 0.6 GHz at 345 deg
pec 724 724 HH: Robin-BIE solved 0.6 GHz at 346 deg
pec 724 724 HH: Robin-BIE solved 0.6 GHz at 347 deg
pec 724 724 HH: Robin-BIE solved 0.6 GHz at 348 deg
pec 724 724 HH: Robin-BIE solved 0.6 GHz at 349 deg
pec 724 724 HH: Robin-BIE solved 0.6 GHz at 350 deg
pec 724 724 HH: Robin-BIE solved 0.6 GHz at 351 deg
pec 724 724 HH: Robin-BIE solved 0.6 GHz at 352 deg
pec 724 724 HH: Robin-BIE solved 0.6 GHz at 353 deg
pec 724 724 HH: Robin-BIE solved 0.6 GHz at 354 deg
pec 724 724 HH: Robin-BIE solved 0.6 GHz at 355 deg
pec 724 724 HH: Robin-BIE solved 0.6 GHz at 356 deg
pec 724 724 HH: Robin-BIE solved 0.6 GHz at 357 deg
pec 724 724 HH: Robin-BIE solved 0.6 GHz at 358 deg
pec 724 724 HH: Robin-BIE solved 0.6 GHz at 359 deg
pec 724 724 HH: Robin-BIE solved 0.6 GHz at 360 deg
pec 0.7555034000033629 True 
ibc 0 724 VV: Initializing solver
ibc 724 724 HH: Experimental CPU: solved 361 of 361 angles at 0.6 GHz
ibc 724 724 HH: Robin-BIE solved 0.6 GHz at 0 deg
ibc 724 724 HH: Robin-BIE solved 0.6 GHz at 1 deg
ibc 724 724 HH: Robin-BIE solved 0.6 GHz at 2 deg
ibc 724 724 HH: Robin-BIE solved 0.6 GHz at 3 deg
ibc 724 724 HH: Robin-BIE solved 0.6 GHz at 4 deg
ibc 724 724 HH: Robin-BIE solved 0.6 GHz at 5 deg
ibc 724 724 HH: Robin-BIE solved 0.6 GHz at 6 deg
ibc 724 724 HH: Robin-BIE solved 0.6 GHz at 7 deg
ibc 724 724 HH: Robin-BIE solved 0.6 GHz at 8 deg
ibc 724 724 HH: Robin-BIE solved 0.6 GHz at 9 deg
ibc 724 724 HH: Robin-BIE solved 0.6 GHz at 10 deg
ibc 724 724 HH: Robin-BIE solved 0.6 GHz at 11 deg
ibc 724 724 HH: Robin-BIE solved 0.6 GHz at 12 deg
ibc 724 724 HH: Robin-BIE solved 0.6 GHz at 13 deg
ibc 724 724 HH: Robin-BIE solved 0.6 GHz at 14 deg
ibc 724 724 HH: Robin-BIE solved 0.6 GHz at 15 deg
ibc 724 724 HH: Robin-BIE solved 0.6 GHz at 16 deg
ibc 724 724 HH: Robin-BIE solved 0.6 GHz at 17 deg
ibc 724 724 HH: Robin-BIE solved 0.6 GHz at 18 deg
ibc 724 724 HH: Robin-BIE solved 0.6 GHz at 19 deg
ibc 724 724 HH: Robin-BIE solved 0.6 GHz at 20 deg
ibc 724 724 HH: Robin-BIE solved 0.6 GHz at 21 deg
ibc 724 724 HH: Robin-BIE solved 0.6 GHz at 22 deg
ibc 724 724 HH: Robin-BIE solved 0.6 GHz at 23 deg
ibc 724 724 HH: Robin-BIE solved 0.6 GHz at 24 deg
ibc 724 724 HH: Robin-BIE solved 0.6 GHz at 25 deg
ibc 724 724 HH: Robin-BIE solved 0.6 GHz at 26 deg
ibc 724 724 HH: Robin-BIE solved 0.6 GHz at 27 deg
ibc 724 724 HH: Robin-BIE solved 0.6 GHz at 28 deg
ibc 724 724 HH: Robin-BIE solved 0.6 GHz at 29 deg
ibc 724 724 HH: Robin-BIE solved 0.6 GHz at 30 deg
ibc 724 724 HH: Robin-BIE solved 0.6 GHz at 31 deg
ibc 724 724 HH: Robin-BIE solved 0.6 GHz at 32 deg
ibc 724 724 HH: Robin-BIE solved 0.6 GHz at 33 deg
ibc 724 724 HH: Robin-BIE solved 0.6 GHz at 34 deg
ibc 724 724 HH: Robin-BIE solved 0.6 GHz at 35 deg
ibc 724 724 HH: Robin-BIE solved 0.6 GHz at 36 deg
ibc 724 724 HH: Robin-BIE solved 0.6 GHz at 37 deg
ibc 724 724 HH: Robin-BIE solved 0.6 GHz at 38 deg
ibc 724 724 HH: Robin-BIE solved 0.6 GHz at 39 deg
ibc 724 724 HH: Robin-BIE solved 0.6 GHz at 40 deg
ibc 724 724 HH: Robin-BIE solved 0.6 GHz at 41 deg
ibc 724 724 HH: Robin-BIE solved 0.6 GHz at 42 deg
ibc 724 724 HH: Robin-BIE solved 0.6 GHz at 43 deg
ibc 724 724 HH: Robin-BIE solved 0.6 GHz at 44 deg
ibc 724 724 HH: Robin-BIE solved 0.6 GHz at 45 deg
ibc 724 724 HH: Robin-BIE solved 0.6 GHz at 46 deg
ibc 724 724 HH: Robin-BIE solved 0.6 GHz at 47 deg
ibc 724 724 HH: Robin-BIE solved 0.6 GHz at 48 deg
ibc 724 724 HH: Robin-BIE solved 0.6 GHz at 49 deg
ibc 724 724 HH: Robin-BIE solved 0.6 GHz at 50 deg
ibc 724 724 HH: Robin-BIE solved 0.6 GHz at 51 deg
ibc 724 724 HH: Robin-BIE solved 0.6 GHz at 52 deg
ibc 724 724 HH: Robin-BIE solved 0.6 GHz at 53 deg
ibc 724 724 HH: Robin-BIE solved 0.6 GHz at 54 deg
ibc 724 724 HH: Robin-BIE solved 0.6 GHz at 55 deg
ibc 724 724 HH: Robin-BIE solved 0.6 GHz at 56 deg
ibc 724 724 HH: Robin-BIE solved 0.6 GHz at 57 deg
ibc 724 724 HH: Robin-BIE solved 0.6 GHz at 58 deg
ibc 724 724 HH: Robin-BIE solved 0.6 GHz at 59 deg
ibc 724 724 HH: Robin-BIE solved 0.6 GHz at 60 deg
ibc 724 724 HH: Robin-BIE solved 0.6 GHz at 61 deg
ibc 724 724 HH: Robin-BIE solved 0.6 GHz at 62 deg
ibc 724 724 HH: Robin-BIE solved 0.6 GHz at 63 deg
ibc 724 724 HH: Robin-BIE solved 0.6 GHz at 64 deg
ibc 724 724 HH: Robin-BIE solved 0.6 GHz at 65 deg
ibc 724 724 HH: Robin-BIE solved 0.6 GHz at 66 deg
ibc 724 724 HH: Robin-BIE solved 0.6 GHz at 67 deg
ibc 724 724 HH: Robin-BIE solved 0.6 GHz at 68 deg
ibc 724 724 HH: Robin-BIE solved 0.6 GHz at 69 deg
ibc 724 724 HH: Robin-BIE solved 0.6 GHz at 70 deg
ibc 724 724 HH: Robin-BIE solved 0.6 GHz at 71 deg
ibc 724 724 HH: Robin-BIE solved 0.6 GHz at 72 deg
ibc 724 724 HH: Robin-BIE solved 0.6 GHz at 73 deg
ibc 724 724 HH: Robin-BIE solved 0.6 GHz at 74 deg
ibc 724 724 HH: Robin-BIE solved 0.6 GHz at 75 deg
ibc 724 724 HH: Robin-BIE solved 0.6 GHz at 76 deg
ibc 724 724 HH: Robin-BIE solved 0.6 GHz at 77 deg
ibc 724 724 HH: Robin-BIE solved 0.6 GHz at 78 deg
ibc 724 724 HH: Robin-BIE solved 0.6 GHz at 79 deg
ibc 724 724 HH: Robin-BIE solved 0.6 GHz at 80 deg
ibc 724 724 HH: Robin-BIE solved 0.6 GHz at 81 deg
ibc 724 724 HH: Robin-BIE solved 0.6 GHz at 82 deg
ibc 724 724 HH: Robin-BIE solved 0.6 GHz at 83 deg
ibc 724 724 HH: Robin-BIE solved 0.6 GHz at 84 deg
ibc 724 724 HH: Robin-BIE solved 0.6 GHz at 85 deg
ibc 724 724 HH: Robin-BIE solved 0.6 GHz at 86 deg
ibc 724 724 HH: Robin-BIE solved 0.6 GHz at 87 deg
ibc 724 724 HH: Robin-BIE solved 0.6 GHz at 88 deg
ibc 724 724 HH: Robin-BIE solved 0.6 GHz at 89 deg
ibc 724 724 HH: Robin-BIE solved 0.6 GHz at 90 deg
ibc 724 724 HH: Robin-BIE solved 0.6 GHz at 91 deg
ibc 724 724 HH: Robin-BIE solved 0.6 GHz at 92 deg
ibc 724 724 HH: Robin-BIE solved 0.6 GHz at 93 deg
ibc 724 724 HH: Robin-BIE solved 0.6 GHz at 94 deg
ibc 724 724 HH: Robin-BIE solved 0.6 GHz at 95 deg
ibc 724 724 HH: Robin-BIE solved 0.6 GHz at 96 deg
ibc 724 724 HH: Robin-BIE solved 0.6 GHz at 97 deg
ibc 724 724 HH: Robin-BIE solved 0.6 GHz at 98 deg
ibc 724 724 HH: Robin-BIE solved 0.6 GHz at 99 deg
ibc 724 724 HH: Robin-BIE solved 0.6 GHz at 100 deg
ibc 724 724 HH: Robin-BIE solved 0.6 GHz at 101 deg
ibc 724 724 HH: Robin-BIE solved 0.6 GHz at 102 deg
ibc 724 724 HH: Robin-BIE solved 0.6 GHz at 103 deg
ibc 724 724 HH: Robin-BIE solved 0.6 GHz at 104 deg
ibc 724 724 HH: Robin-BIE solved 0.6 GHz at 105 deg
ibc 724 724 HH: Robin-BIE solved 0.6 GHz at 106 deg
ibc 724 724 HH: Robin-BIE solved 0.6 GHz at 107 deg
ibc 724 724 HH: Robin-BIE solved 0.6 GHz at 108 deg
ibc 724 724 HH: Robin-BIE solved 0.6 GHz at 109 deg
ibc 724 724 HH: Robin-BIE solved 0.6 GHz at 110 deg
ibc 724 724 HH: Robin-BIE solved 0.6 GHz at 111 deg
ibc 724 724 HH: Robin-BIE solved 0.6 GHz at 112 deg
ibc 724 724 HH: Robin-BIE solved 0.6 GHz at 113 deg
ibc 724 724 HH: Robin-BIE solved 0.6 GHz at 114 deg
ibc 724 724 HH: Robin-BIE solved 0.6 GHz at 115 deg
ibc 724 724 HH: Robin-BIE solved 0.6 GHz at 116 deg
ibc 724 724 HH: Robin-BIE solved 0.6 GHz at 117 deg
ibc 724 724 HH: Robin-BIE solved 0.6 GHz at 118 deg
ibc 724 724 HH: Robin-BIE solved 0.6 GHz at 119 deg
ibc 724 724 HH: Robin-BIE solved 0.6 GHz at 120 deg
ibc 724 724 HH: Robin-BIE solved 0.6 GHz at 121 deg
ibc 724 724 HH: Robin-BIE solved 0.6 GHz at 122 deg
ibc 724 724 HH: Robin-BIE solved 0.6 GHz at 123 deg
ibc 724 724 HH: Robin-BIE solved 0.6 GHz at 124 deg
ibc 724 724 HH: Robin-BIE solved 0.6 GHz at 125 deg
ibc 724 724 HH: Robin-BIE solved 0.6 GHz at 126 deg
ibc 724 724 HH: Robin-BIE solved 0.6 GHz at 127 deg
ibc 724 724 HH: Robin-BIE solved 0.6 GHz at 128 deg
ibc 724 724 HH: Robin-BIE solved 0.6 GHz at 129 deg
ibc 724 724 HH: Robin-BIE solved 0.6 GHz at 130 deg
ibc 724 724 HH: Robin-BIE solved 0.6 GHz at 131 deg
ibc 724 724 HH: Robin-BIE solved 0.6 GHz at 132 deg
ibc 724 724 HH: Robin-BIE solved 0.6 GHz at 133 deg
ibc 724 724 HH: Robin-BIE solved 0.6 GHz at 134 deg
ibc 724 724 HH: Robin-BIE solved 0.6 GHz at 135 deg
ibc 724 724 HH: Robin-BIE solved 0.6 GHz at 136 deg
ibc 724 724 HH: Robin-BIE solved 0.6 GHz at 137 deg
ibc 724 724 HH: Robin-BIE solved 0.6 GHz at 138 deg
ibc 724 724 HH: Robin-BIE solved 0.6 GHz at 139 deg
ibc 724 724 HH: Robin-BIE solved 0.6 GHz at 140 deg
ibc 724 724 HH: Robin-BIE solved 0.6 GHz at 141 deg
ibc 724 724 HH: Robin-BIE solved 0.6 GHz at 142 deg
ibc 724 724 HH: Robin-BIE solved 0.6 GHz at 143 deg
ibc 724 724 HH: Robin-BIE solved 0.6 GHz at 144 deg
ibc 724 724 HH: Robin-BIE solved 0.6 GHz at 145 deg
ibc 724 724 HH: Robin-BIE solved 0.6 GHz at 146 deg
ibc 724 724 HH: Robin-BIE solved 0.6 GHz at 147 deg
ibc 724 724 HH: Robin-BIE solved 0.6 GHz at 148 deg
ibc 724 724 HH: Robin-BIE solved 0.6 GHz at 149 deg
ibc 724 724 HH: Robin-BIE solved 0.6 GHz at 150 deg
ibc 724 724 HH: Robin-BIE solved 0.6 GHz at 151 deg
ibc 724 724 HH: Robin-BIE solved 0.6 GHz at 152 deg
ibc 724 724 HH: Robin-BIE solved 0.6 GHz at 153 deg
ibc 724 724 HH: Robin-BIE solved 0.6 GHz at 154 deg
ibc 724 724 HH: Robin-BIE solved 0.6 GHz at 155 deg
ibc 724 724 HH: Robin-BIE solved 0.6 GHz at 156 deg
ibc 724 724 HH: Robin-BIE solved 0.6 GHz at 157 deg
ibc 724 724 HH: Robin-BIE solved 0.6 GHz at 158 deg
ibc 724 724 HH: Robin-BIE solved 0.6 GHz at 159 deg
ibc 724 724 HH: Robin-BIE solved 0.6 GHz at 160 deg
ibc 724 724 HH: Robin-BIE solved 0.6 GHz at 161 deg
ibc 724 724 HH: Robin-BIE solved 0.6 GHz at 162 deg
ibc 724 724 HH: Robin-BIE solved 0.6 GHz at 163 deg
ibc 724 724 HH: Robin-BIE solved 0.6 GHz at 164 deg
ibc 724 724 HH: Robin-BIE solved 0.6 GHz at 165 deg
ibc 724 724 HH: Robin-BIE solved 0.6 GHz at 166 deg
ibc 724 724 HH: Robin-BIE solved 0.6 GHz at 167 deg
ibc 724 724 HH: Robin-BIE solved 0.6 GHz at 168 deg
ibc 724 724 HH: Robin-BIE solved 0.6 GHz at 169 deg
ibc 724 724 HH: Robin-BIE solved 0.6 GHz at 170 deg
ibc 724 724 HH: Robin-BIE solved 0.6 GHz at 171 deg
ibc 724 724 HH: Robin-BIE solved 0.6 GHz at 172 deg
ibc 724 724 HH: Robin-BIE solved 0.6 GHz at 173 deg
ibc 724 724 HH: Robin-BIE solved 0.6 GHz at 174 deg
ibc 724 724 HH: Robin-BIE solved 0.6 GHz at 175 deg
ibc 724 724 HH: Robin-BIE solved 0.6 GHz at 176 deg
ibc 724 724 HH: Robin-BIE solved 0.6 GHz at 177 deg
ibc 724 724 HH: Robin-BIE solved 0.6 GHz at 178 deg
ibc 724 724 HH: Robin-BIE solved 0.6 GHz at 179 deg
ibc 724 724 HH: Robin-BIE solved 0.6 GHz at 180 deg
ibc 724 724 HH: Robin-BIE solved 0.6 GHz at 181 deg
ibc 724 724 HH: Robin-BIE solved 0.6 GHz at 182 deg
ibc 724 724 HH: Robin-BIE solved 0.6 GHz at 183 deg
ibc 724 724 HH: Robin-BIE solved 0.6 GHz at 184 deg
ibc 724 724 HH: Robin-BIE solved 0.6 GHz at 185 deg
ibc 724 724 HH: Robin-BIE solved 0.6 GHz at 186 deg
ibc 724 724 HH: Robin-BIE solved 0.6 GHz at 187 deg
ibc 724 724 HH: Robin-BIE solved 0.6 GHz at 188 deg
ibc 724 724 HH: Robin-BIE solved 0.6 GHz at 189 deg
ibc 724 724 HH: Robin-BIE solved 0.6 GHz at 190 deg
ibc 724 724 HH: Robin-BIE solved 0.6 GHz at 191 deg
ibc 724 724 HH: Robin-BIE solved 0.6 GHz at 192 deg
ibc 724 724 HH: Robin-BIE solved 0.6 GHz at 193 deg
ibc 724 724 HH: Robin-BIE solved 0.6 GHz at 194 deg
ibc 724 724 HH: Robin-BIE solved 0.6 GHz at 195 deg
ibc 724 724 HH: Robin-BIE solved 0.6 GHz at 196 deg
ibc 724 724 HH: Robin-BIE solved 0.6 GHz at 197 deg
ibc 724 724 HH: Robin-BIE solved 0.6 GHz at 198 deg
ibc 724 724 HH: Robin-BIE solved 0.6 GHz at 199 deg
ibc 724 724 HH: Robin-BIE solved 0.6 GHz at 200 deg
ibc 724 724 HH: Robin-BIE solved 0.6 GHz at 201 deg
ibc 724 724 HH: Robin-BIE solved 0.6 GHz at 202 deg
ibc 724 724 HH: Robin-BIE solved 0.6 GHz at 203 deg
ibc 724 724 HH: Robin-BIE solved 0.6 GHz at 204 deg
ibc 724 724 HH: Robin-BIE solved 0.6 GHz at 205 deg
ibc 724 724 HH: Robin-BIE solved 0.6 GHz at 206 deg
ibc 724 724 HH: Robin-BIE solved 0.6 GHz at 207 deg
ibc 724 724 HH: Robin-BIE solved 0.6 GHz at 208 deg
ibc 724 724 HH: Robin-BIE solved 0.6 GHz at 209 deg
ibc 724 724 HH: Robin-BIE solved 0.6 GHz at 210 deg
ibc 724 724 HH: Robin-BIE solved 0.6 GHz at 211 deg
ibc 724 724 HH: Robin-BIE solved 0.6 GHz at 212 deg
ibc 724 724 HH: Robin-BIE solved 0.6 GHz at 213 deg
ibc 724 724 HH: Robin-BIE solved 0.6 GHz at 214 deg
ibc 724 724 HH: Robin-BIE solved 0.6 GHz at 215 deg
ibc 724 724 HH: Robin-BIE solved 0.6 GHz at 216 deg
ibc 724 724 HH: Robin-BIE solved 0.6 GHz at 217 deg
ibc 724 724 HH: Robin-BIE solved 0.6 GHz at 218 deg
ibc 724 724 HH: Robin-BIE solved 0.6 GHz at 219 deg
ibc 724 724 HH: Robin-BIE solved 0.6 GHz at 220 deg
ibc 724 724 HH: Robin-BIE solved 0.6 GHz at 221 deg
ibc 724 724 HH: Robin-BIE solved 0.6 GHz at 222 deg
ibc 724 724 HH: Robin-BIE solved 0.6 GHz at 223 deg
ibc 724 724 HH: Robin-BIE solved 0.6 GHz at 224 deg
ibc 724 724 HH: Robin-BIE solved 0.6 GHz at 225 deg
ibc 724 724 HH: Robin-BIE solved 0.6 GHz at 226 deg
ibc 724 724 HH: Robin-BIE solved 0.6 GHz at 227 deg
ibc 724 724 HH: Robin-BIE solved 0.6 GHz at 228 deg
ibc 724 724 HH: Robin-BIE solved 0.6 GHz at 229 deg
ibc 724 724 HH: Robin-BIE solved 0.6 GHz at 230 deg
ibc 724 724 HH: Robin-BIE solved 0.6 GHz at 231 deg
ibc 724 724 HH: Robin-BIE solved 0.6 GHz at 232 deg
ibc 724 724 HH: Robin-BIE solved 0.6 GHz at 233 deg
ibc 724 724 HH: Robin-BIE solved 0.6 GHz at 234 deg
ibc 724 724 HH: Robin-BIE solved 0.6 GHz at 235 deg
ibc 724 724 HH: Robin-BIE solved 0.6 GHz at 236 deg
ibc 724 724 HH: Robin-BIE solved 0.6 GHz at 237 deg
ibc 724 724 HH: Robin-BIE solved 0.6 GHz at 238 deg
ibc 724 724 HH: Robin-BIE solved 0.6 GHz at 239 deg
ibc 724 724 HH: Robin-BIE solved 0.6 GHz at 240 deg
ibc 724 724 HH: Robin-BIE solved 0.6 GHz at 241 deg
ibc 724 724 HH: Robin-BIE solved 0.6 GHz at 242 deg
ibc 724 724 HH: Robin-BIE solved 0.6 GHz at 243 deg
ibc 724 724 HH: Robin-BIE solved 0.6 GHz at 244 deg
ibc 724 724 HH: Robin-BIE solved 0.6 GHz at 245 deg
ibc 724 724 HH: Robin-BIE solved 0.6 GHz at 246 deg
ibc 724 724 HH: Robin-BIE solved 0.6 GHz at 247 deg
ibc 724 724 HH: Robin-BIE solved 0.6 GHz at 248 deg
ibc 724 724 HH: Robin-BIE solved 0.6 GHz at 249 deg
ibc 724 724 HH: Robin-BIE solved 0.6 GHz at 250 deg
ibc 724 724 HH: Robin-BIE solved 0.6 GHz at 251 deg
ibc 724 724 HH: Robin-BIE solved 0.6 GHz at 252 deg
ibc 724 724 HH: Robin-BIE solved 0.6 GHz at 253 deg
ibc 724 724 HH: Robin-BIE solved 0.6 GHz at 254 deg
ibc 724 724 HH: Robin-BIE solved 0.6 GHz at 255 deg
ibc 724 724 HH: Robin-BIE solved 0.6 GHz at 256 deg
ibc 724 724 HH: Robin-BIE solved 0.6 GHz at 257 deg
ibc 724 724 HH: Robin-BIE solved 0.6 GHz at 258 deg
ibc 724 724 HH: Robin-BIE solved 0.6 GHz at 259 deg
ibc 724 724 HH: Robin-BIE solved 0.6 GHz at 260 deg
ibc 724 724 HH: Robin-BIE solved 0.6 GHz at 261 deg
ibc 724 724 HH: Robin-BIE solved 0.6 GHz at 262 deg
ibc 724 724 HH: Robin-BIE solved 0.6 GHz at 263 deg
ibc 724 724 HH: Robin-BIE solved 0.6 GHz at 264 deg
ibc 724 724 HH: Robin-BIE solved 0.6 GHz at 265 deg
ibc 724 724 HH: Robin-BIE solved 0.6 GHz at 266 deg
ibc 724 724 HH: Robin-BIE solved 0.6 GHz at 267 deg
ibc 724 724 HH: Robin-BIE solved 0.6 GHz at 268 deg
ibc 724 724 HH: Robin-BIE solved 0.6 GHz at 269 deg
ibc 724 724 HH: Robin-BIE solved 0.6 GHz at 270 deg
ibc 724 724 HH: Robin-BIE solved 0.6 GHz at 271 deg
ibc 724 724 HH: Robin-BIE solved 0.6 GHz at 272 deg
ibc 724 724 HH: Robin-BIE solved 0.6 GHz at 273 deg
ibc 724 724 HH: Robin-BIE solved 0.6 GHz at 274 deg
ibc 724 724 HH: Robin-BIE solved 0.6 GHz at 275 deg
ibc 724 724 HH: Robin-BIE solved 0.6 GHz at 276 deg
ibc 724 724 HH: Robin-BIE solved 0.6 GHz at 277 deg
ibc 724 724 HH: Robin-BIE solved 0.6 GHz at 278 deg
ibc 724 724 HH: Robin-BIE solved 0.6 GHz at 279 deg
ibc 724 724 HH: Robin-BIE solved 0.6 GHz at 280 deg
ibc 724 724 HH: Robin-BIE solved 0.6 GHz at 281 deg
ibc 724 724 HH: Robin-BIE solved 0.6 GHz at 282 deg
ibc 724 724 HH: Robin-BIE solved 0.6 GHz at 283 deg
ibc 724 724 HH: Robin-BIE solved 0.6 GHz at 284 deg
ibc 724 724 HH: Robin-BIE solved 0.6 GHz at 285 deg
ibc 724 724 HH: Robin-BIE solved 0.6 GHz at 286 deg
ibc 724 724 HH: Robin-BIE solved 0.6 GHz at 287 deg
ibc 724 724 HH: Robin-BIE solved 0.6 GHz at 288 deg
ibc 724 724 HH: Robin-BIE solved 0.6 GHz at 289 deg
ibc 724 724 HH: Robin-BIE solved 0.6 GHz at 290 deg
ibc 724 724 HH: Robin-BIE solved 0.6 GHz at 291 deg
ibc 724 724 HH: Robin-BIE solved 0.6 GHz at 292 deg
ibc 724 724 HH: Robin-BIE solved 0.6 GHz at 293 deg
ibc 724 724 HH: Robin-BIE solved 0.6 GHz at 294 deg
ibc 724 724 HH: Robin-BIE solved 0.6 GHz at 295 deg
ibc 724 724 HH: Robin-BIE solved 0.6 GHz at 296 deg
ibc 724 724 HH: Robin-BIE solved 0.6 GHz at 297 deg
ibc 724 724 HH: Robin-BIE solved 0.6 GHz at 298 deg
ibc 724 724 HH: Robin-BIE solved 0.6 GHz at 299 deg
ibc 724 724 HH: Robin-BIE solved 0.6 GHz at 300 deg
ibc 724 724 HH: Robin-BIE solved 0.6 GHz at 301 deg
ibc 724 724 HH: Robin-BIE solved 0.6 GHz at 302 deg
ibc 724 724 HH: Robin-BIE solved 0.6 GHz at 303 deg
ibc 724 724 HH: Robin-BIE solved 0.6 GHz at 304 deg
ibc 724 724 HH: Robin-BIE solved 0.6 GHz at 305 deg
ibc 724 724 HH: Robin-BIE solved 0.6 GHz at 306 deg
ibc 724 724 HH: Robin-BIE solved 0.6 GHz at 307 deg
ibc 724 724 HH: Robin-BIE solved 0.6 GHz at 308 deg
ibc 724 724 HH: Robin-BIE solved 0.6 GHz at 309 deg
ibc 724 724 HH: Robin-BIE solved 0.6 GHz at 310 deg
ibc 724 724 HH: Robin-BIE solved 0.6 GHz at 311 deg
ibc 724 724 HH: Robin-BIE solved 0.6 GHz at 312 deg
ibc 724 724 HH: Robin-BIE solved 0.6 GHz at 313 deg
ibc 724 724 HH: Robin-BIE solved 0.6 GHz at 314 deg
ibc 724 724 HH: Robin-BIE solved 0.6 GHz at 315 deg
ibc 724 724 HH: Robin-BIE solved 0.6 GHz at 316 deg
ibc 724 724 HH: Robin-BIE solved 0.6 GHz at 317 deg
ibc 724 724 HH: Robin-BIE solved 0.6 GHz at 318 deg
ibc 724 724 HH: Robin-BIE solved 0.6 GHz at 319 deg
ibc 724 724 HH: Robin-BIE solved 0.6 GHz at 320 deg
ibc 724 724 HH: Robin-BIE solved 0.6 GHz at 321 deg
ibc 724 724 HH: Robin-BIE solved 0.6 GHz at 322 deg
ibc 724 724 HH: Robin-BIE solved 0.6 GHz at 323 deg
ibc 724 724 HH: Robin-BIE solved 0.6 GHz at 324 deg
ibc 724 724 HH: Robin-BIE solved 0.6 GHz at 325 deg
ibc 724 724 HH: Robin-BIE solved 0.6 GHz at 326 deg
ibc 724 724 HH: Robin-BIE solved 0.6 GHz at 327 deg
ibc 724 724 HH: Robin-BIE solved 0.6 GHz at 328 deg
ibc 724 724 HH: Robin-BIE solved 0.6 GHz at 329 deg
ibc 724 724 HH: Robin-BIE solved 0.6 GHz at 330 deg
ibc 724 724 HH: Robin-BIE solved 0.6 GHz at 331 deg
ibc 724 724 HH: Robin-BIE solved 0.6 GHz at 332 deg
ibc 724 724 HH: Robin-BIE solved 0.6 GHz at 333 deg
ibc 724 724 HH: Robin-BIE solved 0.6 GHz at 334 deg
ibc 724 724 HH: Robin-BIE solved 0.6 GHz at 335 deg
ibc 724 724 HH: Robin-BIE solved 0.6 GHz at 336 deg
ibc 724 724 HH: Robin-BIE solved 0.6 GHz at 337 deg
ibc 724 724 HH: Robin-BIE solved 0.6 GHz at 338 deg
ibc 724 724 HH: Robin-BIE solved 0.6 GHz at 339 deg
ibc 724 724 HH: Robin-BIE solved 0.6 GHz at 340 deg
ibc 724 724 HH: Robin-BIE solved 0.6 GHz at 341 deg
ibc 724 724 HH: Robin-BIE solved 0.6 GHz at 342 deg
ibc 724 724 HH: Robin-BIE solved 0.6 GHz at 343 deg
ibc 724 724 HH: Robin-BIE solved 0.6 GHz at 344 deg
ibc 724 724 HH: Robin-BIE solved 0.6 GHz at 345 deg
ibc 724 724 HH: Robin-BIE solved 0.6 GHz at 346 deg
ibc 724 724 HH: Robin-BIE solved 0.6 GHz at 347 deg
ibc 724 724 HH: Robin-BIE solved 0.6 GHz at 348 deg
ibc 724 724 HH: Robin-BIE solved 0.6 GHz at 349 deg
ibc 724 724 HH: Robin-BIE solved 0.6 GHz at 350 deg
ibc 724 724 HH: Robin-BIE solved 0.6 GHz at 351 deg
ibc 724 724 HH: Robin-BIE solved 0.6 GHz at 352 deg
ibc 724 724 HH: Robin-BIE solved 0.6 GHz at 353 deg
ibc 724 724 HH: Robin-BIE solved 0.6 GHz at 354 deg
ibc 724 724 HH: Robin-BIE solved 0.6 GHz at 355 deg
ibc 724 724 HH: Robin-BIE solved 0.6 GHz at 356 deg
ibc 724 724 HH: Robin-BIE solved 0.6 GHz at 357 deg
ibc 724 724 HH: Robin-BIE solved 0.6 GHz at 358 deg
ibc 724 724 HH: Robin-BIE solved 0.6 GHz at 359 deg
ibc 724 724 HH: Robin-BIE solved 0.6 GHz at 360 deg
ibc 1.0414283000027353 True 
pec_ibc 0 724 VV: Initializing solver
pec_ibc 724 724 HH: Experimental CPU: solved 361 of 361 angles at 0.6 GHz
pec_ibc 724 724 HH: Robin-BIE solved 0.6 GHz at 0 deg
pec_ibc 724 724 HH: Robin-BIE solved 0.6 GHz at 1 deg
pec_ibc 724 724 HH: Robin-BIE solved 0.6 GHz at 2 deg
pec_ibc 724 724 HH: Robin-BIE solved 0.6 GHz at 3 deg
pec_ibc 724 724 HH: Robin-BIE solved 0.6 GHz at 4 deg
pec_ibc 724 724 HH: Robin-BIE solved 0.6 GHz at 5 deg
pec_ibc 724 724 HH: Robin-BIE solved 0.6 GHz at 6 deg
pec_ibc 724 724 HH: Robin-BIE solved 0.6 GHz at 7 deg
pec_ibc 724 724 HH: Robin-BIE solved 0.6 GHz at 8 deg
pec_ibc 724 724 HH: Robin-BIE solved 0.6 GHz at 9 deg
pec_ibc 724 724 HH: Robin-BIE solved 0.6 GHz at 10 deg
pec_ibc 724 724 HH: Robin-BIE solved 0.6 GHz at 11 deg
pec_ibc 724 724 HH: Robin-BIE solved 0.6 GHz at 12 deg
pec_ibc 724 724 HH: Robin-BIE solved 0.6 GHz at 13 deg
pec_ibc 724 724 HH: Robin-BIE solved 0.6 GHz at 14 deg
pec_ibc 724 724 HH: Robin-BIE solved 0.6 GHz at 15 deg
pec_ibc 724 724 HH: Robin-BIE solved 0.6 GHz at 16 deg
pec_ibc 724 724 HH: Robin-BIE solved 0.6 GHz at 17 deg
pec_ibc 724 724 HH: Robin-BIE solved 0.6 GHz at 18 deg
pec_ibc 724 724 HH: Robin-BIE solved 0.6 GHz at 19 deg
pec_ibc 724 724 HH: Robin-BIE solved 0.6 GHz at 20 deg
pec_ibc 724 724 HH: Robin-BIE solved 0.6 GHz at 21 deg
pec_ibc 724 724 HH: Robin-BIE solved 0.6 GHz at 22 deg
pec_ibc 724 724 HH: Robin-BIE solved 0.6 GHz at 23 deg
pec_ibc 724 724 HH: Robin-BIE solved 0.6 GHz at 24 deg
pec_ibc 724 724 HH: Robin-BIE solved 0.6 GHz at 25 deg
pec_ibc 724 724 HH: Robin-BIE solved 0.6 GHz at 26 deg
pec_ibc 724 724 HH: Robin-BIE solved 0.6 GHz at 27 deg
pec_ibc 724 724 HH: Robin-BIE solved 0.6 GHz at 28 deg
pec_ibc 724 724 HH: Robin-BIE solved 0.6 GHz at 29 deg
pec_ibc 724 724 HH: Robin-BIE solved 0.6 GHz at 30 deg
pec_ibc 724 724 HH: Robin-BIE solved 0.6 GHz at 31 deg
pec_ibc 724 724 HH: Robin-BIE solved 0.6 GHz at 32 deg
pec_ibc 724 724 HH: Robin-BIE solved 0.6 GHz at 33 deg
pec_ibc 724 724 HH: Robin-BIE solved 0.6 GHz at 34 deg
pec_ibc 724 724 HH: Robin-BIE solved 0.6 GHz at 35 deg
pec_ibc 724 724 HH: Robin-BIE solved 0.6 GHz at 36 deg
pec_ibc 724 724 HH: Robin-BIE solved 0.6 GHz at 37 deg
pec_ibc 724 724 HH: Robin-BIE solved 0.6 GHz at 38 deg
pec_ibc 724 724 HH: Robin-BIE solved 0.6 GHz at 39 deg
pec_ibc 724 724 HH: Robin-BIE solved 0.6 GHz at 40 deg
pec_ibc 724 724 HH: Robin-BIE solved 0.6 GHz at 41 deg
pec_ibc 724 724 HH: Robin-BIE solved 0.6 GHz at 42 deg
pec_ibc 724 724 HH: Robin-BIE solved 0.6 GHz at 43 deg
pec_ibc 724 724 HH: Robin-BIE solved 0.6 GHz at 44 deg
pec_ibc 724 724 HH: Robin-BIE solved 0.6 GHz at 45 deg
pec_ibc 724 724 HH: Robin-BIE solved 0.6 GHz at 46 deg
pec_ibc 724 724 HH: Robin-BIE solved 0.6 GHz at 47 deg
pec_ibc 724 724 HH: Robin-BIE solved 0.6 GHz at 48 deg
pec_ibc 724 724 HH: Robin-BIE solved 0.6 GHz at 49 deg
pec_ibc 724 724 HH: Robin-BIE solved 0.6 GHz at 50 deg
pec_ibc 724 724 HH: Robin-BIE solved 0.6 GHz at 51 deg
pec_ibc 724 724 HH: Robin-BIE solved 0.6 GHz at 52 deg
pec_ibc 724 724 HH: Robin-BIE solved 0.6 GHz at 53 deg
pec_ibc 724 724 HH: Robin-BIE solved 0.6 GHz at 54 deg
pec_ibc 724 724 HH: Robin-BIE solved 0.6 GHz at 55 deg
pec_ibc 724 724 HH: Robin-BIE solved 0.6 GHz at 56 deg
pec_ibc 724 724 HH: Robin-BIE solved 0.6 GHz at 57 deg
pec_ibc 724 724 HH: Robin-BIE solved 0.6 GHz at 58 deg
pec_ibc 724 724 HH: Robin-BIE solved 0.6 GHz at 59 deg
pec_ibc 724 724 HH: Robin-BIE solved 0.6 GHz at 60 deg
pec_ibc 724 724 HH: Robin-BIE solved 0.6 GHz at 61 deg
pec_ibc 724 724 HH: Robin-BIE solved 0.6 GHz at 62 deg
pec_ibc 724 724 HH: Robin-BIE solved 0.6 GHz at 63 deg
pec_ibc 724 724 HH: Robin-BIE solved 0.6 GHz at 64 deg
pec_ibc 724 724 HH: Robin-BIE solved 0.6 GHz at 65 deg
pec_ibc 724 724 HH: Robin-BIE solved 0.6 GHz at 66 deg
pec_ibc 724 724 HH: Robin-BIE solved 0.6 GHz at 67 deg
pec_ibc 724 724 HH: Robin-BIE solved 0.6 GHz at 68 deg
pec_ibc 724 724 HH: Robin-BIE solved 0.6 GHz at 69 deg
pec_ibc 724 724 HH: Robin-BIE solved 0.6 GHz at 70 deg
pec_ibc 724 724 HH: Robin-BIE solved 0.6 GHz at 71 deg
pec_ibc 724 724 HH: Robin-BIE solved 0.6 GHz at 72 deg
pec_ibc 724 724 HH: Robin-BIE solved 0.6 GHz at 73 deg
pec_ibc 724 724 HH: Robin-BIE solved 0.6 GHz at 74 deg
pec_ibc 724 724 HH: Robin-BIE solved 0.6 GHz at 75 deg
pec_ibc 724 724 HH: Robin-BIE solved 0.6 GHz at 76 deg
pec_ibc 724 724 HH: Robin-BIE solved 0.6 GHz at 77 deg
pec_ibc 724 724 HH: Robin-BIE solved 0.6 GHz at 78 deg
pec_ibc 724 724 HH: Robin-BIE solved 0.6 GHz at 79 deg
pec_ibc 724 724 HH: Robin-BIE solved 0.6 GHz at 80 deg
pec_ibc 724 724 HH: Robin-BIE solved 0.6 GHz at 81 deg
pec_ibc 724 724 HH: Robin-BIE solved 0.6 GHz at 82 deg
pec_ibc 724 724 HH: Robin-BIE solved 0.6 GHz at 83 deg
pec_ibc 724 724 HH: Robin-BIE solved 0.6 GHz at 84 deg
pec_ibc 724 724 HH: Robin-BIE solved 0.6 GHz at 85 deg
pec_ibc 724 724 HH: Robin-BIE solved 0.6 GHz at 86 deg
pec_ibc 724 724 HH: Robin-BIE solved 0.6 GHz at 87 deg
pec_ibc 724 724 HH: Robin-BIE solved 0.6 GHz at 88 deg
pec_ibc 724 724 HH: Robin-BIE solved 0.6 GHz at 89 deg
pec_ibc 724 724 HH: Robin-BIE solved 0.6 GHz at 90 deg
pec_ibc 724 724 HH: Robin-BIE solved 0.6 GHz at 91 deg
pec_ibc 724 724 HH: Robin-BIE solved 0.6 GHz at 92 deg
pec_ibc 724 724 HH: Robin-BIE solved 0.6 GHz at 93 deg
pec_ibc 724 724 HH: Robin-BIE solved 0.6 GHz at 94 deg
pec_ibc 724 724 HH: Robin-BIE solved 0.6 GHz at 95 deg
pec_ibc 724 724 HH: Robin-BIE solved 0.6 GHz at 96 deg
pec_ibc 724 724 HH: Robin-BIE solved 0.6 GHz at 97 deg
pec_ibc 724 724 HH: Robin-BIE solved 0.6 GHz at 98 deg
pec_ibc 724 724 HH: Robin-BIE solved 0.6 GHz at 99 deg
pec_ibc 724 724 HH: Robin-BIE solved 0.6 GHz at 100 deg
pec_ibc 724 724 HH: Robin-BIE solved 0.6 GHz at 101 deg
pec_ibc 724 724 HH: Robin-BIE solved 0.6 GHz at 102 deg
pec_ibc 724 724 HH: Robin-BIE solved 0.6 GHz at 103 deg
pec_ibc 724 724 HH: Robin-BIE solved 0.6 GHz at 104 deg
pec_ibc 724 724 HH: Robin-BIE solved 0.6 GHz at 105 deg
pec_ibc 724 724 HH: Robin-BIE solved 0.6 GHz at 106 deg
pec_ibc 724 724 HH: Robin-BIE solved 0.6 GHz at 107 deg
pec_ibc 724 724 HH: Robin-BIE solved 0.6 GHz at 108 deg
pec_ibc 724 724 HH: Robin-BIE solved 0.6 GHz at 109 deg
pec_ibc 724 724 HH: Robin-BIE solved 0.6 GHz at 110 deg
pec_ibc 724 724 HH: Robin-BIE solved 0.6 GHz at 111 deg
pec_ibc 724 724 HH: Robin-BIE solved 0.6 GHz at 112 deg
pec_ibc 724 724 HH: Robin-BIE solved 0.6 GHz at 113 deg
pec_ibc 724 724 HH: Robin-BIE solved 0.6 GHz at 114 deg
pec_ibc 724 724 HH: Robin-BIE solved 0.6 GHz at 115 deg
pec_ibc 724 724 HH: Robin-BIE solved 0.6 GHz at 116 deg
pec_ibc 724 724 HH: Robin-BIE solved 0.6 GHz at 117 deg
pec_ibc 724 724 HH: Robin-BIE solved 0.6 GHz at 118 deg
pec_ibc 724 724 HH: Robin-BIE solved 0.6 GHz at 119 deg
pec_ibc 724 724 HH: Robin-BIE solved 0.6 GHz at 120 deg
pec_ibc 724 724 HH: Robin-BIE solved 0.6 GHz at 121 deg
pec_ibc 724 724 HH: Robin-BIE solved 0.6 GHz at 122 deg
pec_ibc 724 724 HH: Robin-BIE solved 0.6 GHz at 123 deg
pec_ibc 724 724 HH: Robin-BIE solved 0.6 GHz at 124 deg
pec_ibc 724 724 HH: Robin-BIE solved 0.6 GHz at 125 deg
pec_ibc 724 724 HH: Robin-BIE solved 0.6 GHz at 126 deg
pec_ibc 724 724 HH: Robin-BIE solved 0.6 GHz at 127 deg
pec_ibc 724 724 HH: Robin-BIE solved 0.6 GHz at 128 deg
pec_ibc 724 724 HH: Robin-BIE solved 0.6 GHz at 129 deg
pec_ibc 724 724 HH: Robin-BIE solved 0.6 GHz at 130 deg
pec_ibc 724 724 HH: Robin-BIE solved 0.6 GHz at 131 deg
pec_ibc 724 724 HH: Robin-BIE solved 0.6 GHz at 132 deg
pec_ibc 724 724 HH: Robin-BIE solved 0.6 GHz at 133 deg
pec_ibc 724 724 HH: Robin-BIE solved 0.6 GHz at 134 deg
pec_ibc 724 724 HH: Robin-BIE solved 0.6 GHz at 135 deg
pec_ibc 724 724 HH: Robin-BIE solved 0.6 GHz at 136 deg
pec_ibc 724 724 HH: Robin-BIE solved 0.6 GHz at 137 deg
pec_ibc 724 724 HH: Robin-BIE solved 0.6 GHz at 138 deg
pec_ibc 724 724 HH: Robin-BIE solved 0.6 GHz at 139 deg
pec_ibc 724 724 HH: Robin-BIE solved 0.6 GHz at 140 deg
pec_ibc 724 724 HH: Robin-BIE solved 0.6 GHz at 141 deg
pec_ibc 724 724 HH: Robin-BIE solved 0.6 GHz at 142 deg
pec_ibc 724 724 HH: Robin-BIE solved 0.6 GHz at 143 deg
pec_ibc 724 724 HH: Robin-BIE solved 0.6 GHz at 144 deg
pec_ibc 724 724 HH: Robin-BIE solved 0.6 GHz at 145 deg
pec_ibc 724 724 HH: Robin-BIE solved 0.6 GHz at 146 deg
pec_ibc 724 724 HH: Robin-BIE solved 0.6 GHz at 147 deg
pec_ibc 724 724 HH: Robin-BIE solved 0.6 GHz at 148 deg
pec_ibc 724 724 HH: Robin-BIE solved 0.6 GHz at 149 deg
pec_ibc 724 724 HH: Robin-BIE solved 0.6 GHz at 150 deg
pec_ibc 724 724 HH: Robin-BIE solved 0.6 GHz at 151 deg
pec_ibc 724 724 HH: Robin-BIE solved 0.6 GHz at 152 deg
pec_ibc 724 724 HH: Robin-BIE solved 0.6 GHz at 153 deg
pec_ibc 724 724 HH: Robin-BIE solved 0.6 GHz at 154 deg
pec_ibc 724 724 HH: Robin-BIE solved 0.6 GHz at 155 deg
pec_ibc 724 724 HH: Robin-BIE solved 0.6 GHz at 156 deg
pec_ibc 724 724 HH: Robin-BIE solved 0.6 GHz at 157 deg
pec_ibc 724 724 HH: Robin-BIE solved 0.6 GHz at 158 deg
pec_ibc 724 724 HH: Robin-BIE solved 0.6 GHz at 159 deg
pec_ibc 724 724 HH: Robin-BIE solved 0.6 GHz at 160 deg
pec_ibc 724 724 HH: Robin-BIE solved 0.6 GHz at 161 deg
pec_ibc 724 724 HH: Robin-BIE solved 0.6 GHz at 162 deg
pec_ibc 724 724 HH: Robin-BIE solved 0.6 GHz at 163 deg
pec_ibc 724 724 HH: Robin-BIE solved 0.6 GHz at 164 deg
pec_ibc 724 724 HH: Robin-BIE solved 0.6 GHz at 165 deg
pec_ibc 724 724 HH: Robin-BIE solved 0.6 GHz at 166 deg
pec_ibc 724 724 HH: Robin-BIE solved 0.6 GHz at 167 deg
pec_ibc 724 724 HH: Robin-BIE solved 0.6 GHz at 168 deg
pec_ibc 724 724 HH: Robin-BIE solved 0.6 GHz at 169 deg
pec_ibc 724 724 HH: Robin-BIE solved 0.6 GHz at 170 deg
pec_ibc 724 724 HH: Robin-BIE solved 0.6 GHz at 171 deg
pec_ibc 724 724 HH: Robin-BIE solved 0.6 GHz at 172 deg
pec_ibc 724 724 HH: Robin-BIE solved 0.6 GHz at 173 deg
pec_ibc 724 724 HH: Robin-BIE solved 0.6 GHz at 174 deg
pec_ibc 724 724 HH: Robin-BIE solved 0.6 GHz at 175 deg
pec_ibc 724 724 HH: Robin-BIE solved 0.6 GHz at 176 deg
pec_ibc 724 724 HH: Robin-BIE solved 0.6 GHz at 177 deg
pec_ibc 724 724 HH: Robin-BIE solved 0.6 GHz at 178 deg
pec_ibc 724 724 HH: Robin-BIE solved 0.6 GHz at 179 deg
pec_ibc 724 724 HH: Robin-BIE solved 0.6 GHz at 180 deg
pec_ibc 724 724 HH: Robin-BIE solved 0.6 GHz at 181 deg
pec_ibc 724 724 HH: Robin-BIE solved 0.6 GHz at 182 deg
pec_ibc 724 724 HH: Robin-BIE solved 0.6 GHz at 183 deg
pec_ibc 724 724 HH: Robin-BIE solved 0.6 GHz at 184 deg
pec_ibc 724 724 HH: Robin-BIE solved 0.6 GHz at 185 deg
pec_ibc 724 724 HH: Robin-BIE solved 0.6 GHz at 186 deg
pec_ibc 724 724 HH: Robin-BIE solved 0.6 GHz at 187 deg
pec_ibc 724 724 HH: Robin-BIE solved 0.6 GHz at 188 deg
pec_ibc 724 724 HH: Robin-BIE solved 0.6 GHz at 189 deg
pec_ibc 724 724 HH: Robin-BIE solved 0.6 GHz at 190 deg
pec_ibc 724 724 HH: Robin-BIE solved 0.6 GHz at 191 deg
pec_ibc 724 724 HH: Robin-BIE solved 0.6 GHz at 192 deg
pec_ibc 724 724 HH: Robin-BIE solved 0.6 GHz at 193 deg
pec_ibc 724 724 HH: Robin-BIE solved 0.6 GHz at 194 deg
pec_ibc 724 724 HH: Robin-BIE solved 0.6 GHz at 195 deg
pec_ibc 724 724 HH: Robin-BIE solved 0.6 GHz at 196 deg
pec_ibc 724 724 HH: Robin-BIE solved 0.6 GHz at 197 deg
pec_ibc 724 724 HH: Robin-BIE solved 0.6 GHz at 198 deg
pec_ibc 724 724 HH: Robin-BIE solved 0.6 GHz at 199 deg
pec_ibc 724 724 HH: Robin-BIE solved 0.6 GHz at 200 deg
pec_ibc 724 724 HH: Robin-BIE solved 0.6 GHz at 201 deg
pec_ibc 724 724 HH: Robin-BIE solved 0.6 GHz at 202 deg
pec_ibc 724 724 HH: Robin-BIE solved 0.6 GHz at 203 deg
pec_ibc 724 724 HH: Robin-BIE solved 0.6 GHz at 204 deg
pec_ibc 724 724 HH: Robin-BIE solved 0.6 GHz at 205 deg
pec_ibc 724 724 HH: Robin-BIE solved 0.6 GHz at 206 deg
pec_ibc 724 724 HH: Robin-BIE solved 0.6 GHz at 207 deg
pec_ibc 724 724 HH: Robin-BIE solved 0.6 GHz at 208 deg
pec_ibc 724 724 HH: Robin-BIE solved 0.6 GHz at 209 deg
pec_ibc 724 724 HH: Robin-BIE solved 0.6 GHz at 210 deg
pec_ibc 724 724 HH: Robin-BIE solved 0.6 GHz at 211 deg
pec_ibc 724 724 HH: Robin-BIE solved 0.6 GHz at 212 deg
pec_ibc 724 724 HH: Robin-BIE solved 0.6 GHz at 213 deg
pec_ibc 724 724 HH: Robin-BIE solved 0.6 GHz at 214 deg
pec_ibc 724 724 HH: Robin-BIE solved 0.6 GHz at 215 deg
pec_ibc 724 724 HH: Robin-BIE solved 0.6 GHz at 216 deg
pec_ibc 724 724 HH: Robin-BIE solved 0.6 GHz at 217 deg
pec_ibc 724 724 HH: Robin-BIE solved 0.6 GHz at 218 deg
pec_ibc 724 724 HH: Robin-BIE solved 0.6 GHz at 219 deg
pec_ibc 724 724 HH: Robin-BIE solved 0.6 GHz at 220 deg
pec_ibc 724 724 HH: Robin-BIE solved 0.6 GHz at 221 deg
pec_ibc 724 724 HH: Robin-BIE solved 0.6 GHz at 222 deg
pec_ibc 724 724 HH: Robin-BIE solved 0.6 GHz at 223 deg
pec_ibc 724 724 HH: Robin-BIE solved 0.6 GHz at 224 deg
pec_ibc 724 724 HH: Robin-BIE solved 0.6 GHz at 225 deg
pec_ibc 724 724 HH: Robin-BIE solved 0.6 GHz at 226 deg
pec_ibc 724 724 HH: Robin-BIE solved 0.6 GHz at 227 deg
pec_ibc 724 724 HH: Robin-BIE solved 0.6 GHz at 228 deg
pec_ibc 724 724 HH: Robin-BIE solved 0.6 GHz at 229 deg
pec_ibc 724 724 HH: Robin-BIE solved 0.6 GHz at 230 deg
pec_ibc 724 724 HH: Robin-BIE solved 0.6 GHz at 231 deg
pec_ibc 724 724 HH: Robin-BIE solved 0.6 GHz at 232 deg
pec_ibc 724 724 HH: Robin-BIE solved 0.6 GHz at 233 deg
pec_ibc 724 724 HH: Robin-BIE solved 0.6 GHz at 234 deg
pec_ibc 724 724 HH: Robin-BIE solved 0.6 GHz at 235 deg
pec_ibc 724 724 HH: Robin-BIE solved 0.6 GHz at 236 deg
pec_ibc 724 724 HH: Robin-BIE solved 0.6 GHz at 237 deg
pec_ibc 724 724 HH: Robin-BIE solved 0.6 GHz at 238 deg
pec_ibc 724 724 HH: Robin-BIE solved 0.6 GHz at 239 deg
pec_ibc 724 724 HH: Robin-BIE solved 0.6 GHz at 240 deg
pec_ibc 724 724 HH: Robin-BIE solved 0.6 GHz at 241 deg
pec_ibc 724 724 HH: Robin-BIE solved 0.6 GHz at 242 deg
pec_ibc 724 724 HH: Robin-BIE solved 0.6 GHz at 243 deg
pec_ibc 724 724 HH: Robin-BIE solved 0.6 GHz at 244 deg
pec_ibc 724 724 HH: Robin-BIE solved 0.6 GHz at 245 deg
pec_ibc 724 724 HH: Robin-BIE solved 0.6 GHz at 246 deg
pec_ibc 724 724 HH: Robin-BIE solved 0.6 GHz at 247 deg
pec_ibc 724 724 HH: Robin-BIE solved 0.6 GHz at 248 deg
pec_ibc 724 724 HH: Robin-BIE solved 0.6 GHz at 249 deg
pec_ibc 724 724 HH: Robin-BIE solved 0.6 GHz at 250 deg
pec_ibc 724 724 HH: Robin-BIE solved 0.6 GHz at 251 deg
pec_ibc 724 724 HH: Robin-BIE solved 0.6 GHz at 252 deg
pec_ibc 724 724 HH: Robin-BIE solved 0.6 GHz at 253 deg
pec_ibc 724 724 HH: Robin-BIE solved 0.6 GHz at 254 deg
pec_ibc 724 724 HH: Robin-BIE solved 0.6 GHz at 255 deg
pec_ibc 724 724 HH: Robin-BIE solved 0.6 GHz at 256 deg
pec_ibc 724 724 HH: Robin-BIE solved 0.6 GHz at 257 deg
pec_ibc 724 724 HH: Robin-BIE solved 0.6 GHz at 258 deg
pec_ibc 724 724 HH: Robin-BIE solved 0.6 GHz at 259 deg
pec_ibc 724 724 HH: Robin-BIE solved 0.6 GHz at 260 deg
pec_ibc 724 724 HH: Robin-BIE solved 0.6 GHz at 261 deg
pec_ibc 724 724 HH: Robin-BIE solved 0.6 GHz at 262 deg
pec_ibc 724 724 HH: Robin-BIE solved 0.6 GHz at 263 deg
pec_ibc 724 724 HH: Robin-BIE solved 0.6 GHz at 264 deg
pec_ibc 724 724 HH: Robin-BIE solved 0.6 GHz at 265 deg
pec_ibc 724 724 HH: Robin-BIE solved 0.6 GHz at 266 deg
pec_ibc 724 724 HH: Robin-BIE solved 0.6 GHz at 267 deg
pec_ibc 724 724 HH: Robin-BIE solved 0.6 GHz at 268 deg
pec_ibc 724 724 HH: Robin-BIE solved 0.6 GHz at 269 deg
pec_ibc 724 724 HH: Robin-BIE solved 0.6 GHz at 270 deg
pec_ibc 724 724 HH: Robin-BIE solved 0.6 GHz at 271 deg
pec_ibc 724 724 HH: Robin-BIE solved 0.6 GHz at 272 deg
pec_ibc 724 724 HH: Robin-BIE solved 0.6 GHz at 273 deg
pec_ibc 724 724 HH: Robin-BIE solved 0.6 GHz at 274 deg
pec_ibc 724 724 HH: Robin-BIE solved 0.6 GHz at 275 deg
pec_ibc 724 724 HH: Robin-BIE solved 0.6 GHz at 276 deg
pec_ibc 724 724 HH: Robin-BIE solved 0.6 GHz at 277 deg
pec_ibc 724 724 HH: Robin-BIE solved 0.6 GHz at 278 deg
pec_ibc 724 724 HH: Robin-BIE solved 0.6 GHz at 279 deg
pec_ibc 724 724 HH: Robin-BIE solved 0.6 GHz at 280 deg
pec_ibc 724 724 HH: Robin-BIE solved 0.6 GHz at 281 deg
pec_ibc 724 724 HH: Robin-BIE solved 0.6 GHz at 282 deg
pec_ibc 724 724 HH: Robin-BIE solved 0.6 GHz at 283 deg
pec_ibc 724 724 HH: Robin-BIE solved 0.6 GHz at 284 deg
pec_ibc 724 724 HH: Robin-BIE solved 0.6 GHz at 285 deg
pec_ibc 724 724 HH: Robin-BIE solved 0.6 GHz at 286 deg
pec_ibc 724 724 HH: Robin-BIE solved 0.6 GHz at 287 deg
pec_ibc 724 724 HH: Robin-BIE solved 0.6 GHz at 288 deg
pec_ibc 724 724 HH: Robin-BIE solved 0.6 GHz at 289 deg
pec_ibc 724 724 HH: Robin-BIE solved 0.6 GHz at 290 deg
pec_ibc 724 724 HH: Robin-BIE solved 0.6 GHz at 291 deg
pec_ibc 724 724 HH: Robin-BIE solved 0.6 GHz at 292 deg
pec_ibc 724 724 HH: Robin-BIE solved 0.6 GHz at 293 deg
pec_ibc 724 724 HH: Robin-BIE solved 0.6 GHz at 294 deg
pec_ibc 724 724 HH: Robin-BIE solved 0.6 GHz at 295 deg
pec_ibc 724 724 HH: Robin-BIE solved 0.6 GHz at 296 deg
pec_ibc 724 724 HH: Robin-BIE solved 0.6 GHz at 297 deg
pec_ibc 724 724 HH: Robin-BIE solved 0.6 GHz at 298 deg
pec_ibc 724 724 HH: Robin-BIE solved 0.6 GHz at 299 deg
pec_ibc 724 724 HH: Robin-BIE solved 0.6 GHz at 300 deg
pec_ibc 724 724 HH: Robin-BIE solved 0.6 GHz at 301 deg
pec_ibc 724 724 HH: Robin-BIE solved 0.6 GHz at 302 deg
pec_ibc 724 724 HH: Robin-BIE solved 0.6 GHz at 303 deg
pec_ibc 724 724 HH: Robin-BIE solved 0.6 GHz at 304 deg
pec_ibc 724 724 HH: Robin-BIE solved 0.6 GHz at 305 deg
pec_ibc 724 724 HH: Robin-BIE solved 0.6 GHz at 306 deg
pec_ibc 724 724 HH: Robin-BIE solved 0.6 GHz at 307 deg
pec_ibc 724 724 HH: Robin-BIE solved 0.6 GHz at 308 deg
pec_ibc 724 724 HH: Robin-BIE solved 0.6 GHz at 309 deg
pec_ibc 724 724 HH: Robin-BIE solved 0.6 GHz at 310 deg
pec_ibc 724 724 HH: Robin-BIE solved 0.6 GHz at 311 deg
pec_ibc 724 724 HH: Robin-BIE solved 0.6 GHz at 312 deg
pec_ibc 724 724 HH: Robin-BIE solved 0.6 GHz at 313 deg
pec_ibc 724 724 HH: Robin-BIE solved 0.6 GHz at 314 deg
pec_ibc 724 724 HH: Robin-BIE solved 0.6 GHz at 315 deg
pec_ibc 724 724 HH: Robin-BIE solved 0.6 GHz at 316 deg
pec_ibc 724 724 HH: Robin-BIE solved 0.6 GHz at 317 deg
pec_ibc 724 724 HH: Robin-BIE solved 0.6 GHz at 318 deg
pec_ibc 724 724 HH: Robin-BIE solved 0.6 GHz at 319 deg
pec_ibc 724 724 HH: Robin-BIE solved 0.6 GHz at 320 deg
pec_ibc 724 724 HH: Robin-BIE solved 0.6 GHz at 321 deg
pec_ibc 724 724 HH: Robin-BIE solved 0.6 GHz at 322 deg
pec_ibc 724 724 HH: Robin-BIE solved 0.6 GHz at 323 deg
pec_ibc 724 724 HH: Robin-BIE solved 0.6 GHz at 324 deg
pec_ibc 724 724 HH: Robin-BIE solved 0.6 GHz at 325 deg
pec_ibc 724 724 HH: Robin-BIE solved 0.6 GHz at 326 deg
pec_ibc 724 724 HH: Robin-BIE solved 0.6 GHz at 327 deg
pec_ibc 724 724 HH: Robin-BIE solved 0.6 GHz at 328 deg
pec_ibc 724 724 HH: Robin-BIE solved 0.6 GHz at 329 deg
pec_ibc 724 724 HH: Robin-BIE solved 0.6 GHz at 330 deg
pec_ibc 724 724 HH: Robin-BIE solved 0.6 GHz at 331 deg
pec_ibc 724 724 HH: Robin-BIE solved 0.6 GHz at 332 deg
pec_ibc 724 724 HH: Robin-BIE solved 0.6 GHz at 333 deg
pec_ibc 724 724 HH: Robin-BIE solved 0.6 GHz at 334 deg
pec_ibc 724 724 HH: Robin-BIE solved 0.6 GHz at 335 deg
pec_ibc 724 724 HH: Robin-BIE solved 0.6 GHz at 336 deg
pec_ibc 724 724 HH: Robin-BIE solved 0.6 GHz at 337 deg
pec_ibc 724 724 HH: Robin-BIE solved 0.6 GHz at 338 deg
pec_ibc 724 724 HH: Robin-BIE solved 0.6 GHz at 339 deg
pec_ibc 724 724 HH: Robin-BIE solved 0.6 GHz at 340 deg
pec_ibc 724 724 HH: Robin-BIE solved 0.6 GHz at 341 deg
pec_ibc 724 724 HH: Robin-BIE solved 0.6 GHz at 342 deg
pec_ibc 724 724 HH: Robin-BIE solved 0.6 GHz at 343 deg
pec_ibc 724 724 HH: Robin-BIE solved 0.6 GHz at 344 deg
pec_ibc 724 724 HH: Robin-BIE solved 0.6 GHz at 345 deg
pec_ibc 724 724 HH: Robin-BIE solved 0.6 GHz at 346 deg
pec_ibc 724 724 HH: Robin-BIE solved 0.6 GHz at 347 deg
pec_ibc 724 724 HH: Robin-BIE solved 0.6 GHz at 348 deg
pec_ibc 724 724 HH: Robin-BIE solved 0.6 GHz at 349 deg
pec_ibc 724 724 HH: Robin-BIE solved 0.6 GHz at 350 deg
pec_ibc 724 724 HH: Robin-BIE solved 0.6 GHz at 351 deg
pec_ibc 724 724 HH: Robin-BIE solved 0.6 GHz at 352 deg
pec_ibc 724 724 HH: Robin-BIE solved 0.6 GHz at 353 deg
pec_ibc 724 724 HH: Robin-BIE solved 0.6 GHz at 354 deg
pec_ibc 724 724 HH: Robin-BIE solved 0.6 GHz at 355 deg
pec_ibc 724 724 HH: Robin-BIE solved 0.6 GHz at 356 deg
pec_ibc 724 724 HH: Robin-BIE solved 0.6 GHz at 357 deg
pec_ibc 724 724 HH: Robin-BIE solved 0.6 GHz at 358 deg
pec_ibc 724 724 HH: Robin-BIE solved 0.6 GHz at 359 deg
pec_ibc 724 724 HH: Robin-BIE solved 0.6 GHz at 360 deg
pec_ibc 2.8305603000007977 True 
lossless 0 724 VV: Initializing solver
lossless 724 724 HH: Experimental CPU: solved 361 of 361 angles at 0.6 GHz
lossless 724 724 HH: Dielectric solved 0.6 GHz at 0 deg
lossless 724 724 HH: Dielectric solved 0.6 GHz at 1 deg
lossless 724 724 HH: Dielectric solved 0.6 GHz at 2 deg
lossless 724 724 HH: Dielectric solved 0.6 GHz at 3 deg
lossless 724 724 HH: Dielectric solved 0.6 GHz at 4 deg
lossless 724 724 HH: Dielectric solved 0.6 GHz at 5 deg
lossless 724 724 HH: Dielectric solved 0.6 GHz at 6 deg
lossless 724 724 HH: Dielectric solved 0.6 GHz at 7 deg
lossless 724 724 HH: Dielectric solved 0.6 GHz at 8 deg
lossless 724 724 HH: Dielectric solved 0.6 GHz at 9 deg
lossless 724 724 HH: Dielectric solved 0.6 GHz at 10 deg
lossless 724 724 HH: Dielectric solved 0.6 GHz at 11 deg
lossless 724 724 HH: Dielectric solved 0.6 GHz at 12 deg
lossless 724 724 HH: Dielectric solved 0.6 GHz at 13 deg
lossless 724 724 HH: Dielectric solved 0.6 GHz at 14 deg
lossless 724 724 HH: Dielectric solved 0.6 GHz at 15 deg
lossless 724 724 HH: Dielectric solved 0.6 GHz at 16 deg
lossless 724 724 HH: Dielectric solved 0.6 GHz at 17 deg
lossless 724 724 HH: Dielectric solved 0.6 GHz at 18 deg
lossless 724 724 HH: Dielectric solved 0.6 GHz at 19 deg
lossless 724 724 HH: Dielectric solved 0.6 GHz at 20 deg
lossless 724 724 HH: Dielectric solved 0.6 GHz at 21 deg
lossless 724 724 HH: Dielectric solved 0.6 GHz at 22 deg
lossless 724 724 HH: Dielectric solved 0.6 GHz at 23 deg
lossless 724 724 HH: Dielectric solved 0.6 GHz at 24 deg
lossless 724 724 HH: Dielectric solved 0.6 GHz at 25 deg
lossless 724 724 HH: Dielectric solved 0.6 GHz at 26 deg
lossless 724 724 HH: Dielectric solved 0.6 GHz at 27 deg
lossless 724 724 HH: Dielectric solved 0.6 GHz at 28 deg
lossless 724 724 HH: Dielectric solved 0.6 GHz at 29 deg
lossless 724 724 HH: Dielectric solved 0.6 GHz at 30 deg
lossless 724 724 HH: Dielectric solved 0.6 GHz at 31 deg
lossless 724 724 HH: Dielectric solved 0.6 GHz at 32 deg
lossless 724 724 HH: Dielectric solved 0.6 GHz at 33 deg
lossless 724 724 HH: Dielectric solved 0.6 GHz at 34 deg
lossless 724 724 HH: Dielectric solved 0.6 GHz at 35 deg
lossless 724 724 HH: Dielectric solved 0.6 GHz at 36 deg
lossless 724 724 HH: Dielectric solved 0.6 GHz at 37 deg
lossless 724 724 HH: Dielectric solved 0.6 GHz at 38 deg
lossless 724 724 HH: Dielectric solved 0.6 GHz at 39 deg
lossless 724 724 HH: Dielectric solved 0.6 GHz at 40 deg
lossless 724 724 HH: Dielectric solved 0.6 GHz at 41 deg
lossless 724 724 HH: Dielectric solved 0.6 GHz at 42 deg
lossless 724 724 HH: Dielectric solved 0.6 GHz at 43 deg
lossless 724 724 HH: Dielectric solved 0.6 GHz at 44 deg
lossless 724 724 HH: Dielectric solved 0.6 GHz at 45 deg
lossless 724 724 HH: Dielectric solved 0.6 GHz at 46 deg
lossless 724 724 HH: Dielectric solved 0.6 GHz at 47 deg
lossless 724 724 HH: Dielectric solved 0.6 GHz at 48 deg
lossless 724 724 HH: Dielectric solved 0.6 GHz at 49 deg
lossless 724 724 HH: Dielectric solved 0.6 GHz at 50 deg
lossless 724 724 HH: Dielectric solved 0.6 GHz at 51 deg
lossless 724 724 HH: Dielectric solved 0.6 GHz at 52 deg
lossless 724 724 HH: Dielectric solved 0.6 GHz at 53 deg
lossless 724 724 HH: Dielectric solved 0.6 GHz at 54 deg
lossless 724 724 HH: Dielectric solved 0.6 GHz at 55 deg
lossless 724 724 HH: Dielectric solved 0.6 GHz at 56 deg
lossless 724 724 HH: Dielectric solved 0.6 GHz at 57 deg
lossless 724 724 HH: Dielectric solved 0.6 GHz at 58 deg
lossless 724 724 HH: Dielectric solved 0.6 GHz at 59 deg
lossless 724 724 HH: Dielectric solved 0.6 GHz at 60 deg
lossless 724 724 HH: Dielectric solved 0.6 GHz at 61 deg
lossless 724 724 HH: Dielectric solved 0.6 GHz at 62 deg
lossless 724 724 HH: Dielectric solved 0.6 GHz at 63 deg
lossless 724 724 HH: Dielectric solved 0.6 GHz at 64 deg
lossless 724 724 HH: Dielectric solved 0.6 GHz at 65 deg
lossless 724 724 HH: Dielectric solved 0.6 GHz at 66 deg
lossless 724 724 HH: Dielectric solved 0.6 GHz at 67 deg
lossless 724 724 HH: Dielectric solved 0.6 GHz at 68 deg
lossless 724 724 HH: Dielectric solved 0.6 GHz at 69 deg
lossless 724 724 HH: Dielectric solved 0.6 GHz at 70 deg
lossless 724 724 HH: Dielectric solved 0.6 GHz at 71 deg
lossless 724 724 HH: Dielectric solved 0.6 GHz at 72 deg
lossless 724 724 HH: Dielectric solved 0.6 GHz at 73 deg
lossless 724 724 HH: Dielectric solved 0.6 GHz at 74 deg
lossless 724 724 HH: Dielectric solved 0.6 GHz at 75 deg
lossless 724 724 HH: Dielectric solved 0.6 GHz at 76 deg
lossless 724 724 HH: Dielectric solved 0.6 GHz at 77 deg
lossless 724 724 HH: Dielectric solved 0.6 GHz at 78 deg
lossless 724 724 HH: Dielectric solved 0.6 GHz at 79 deg
lossless 724 724 HH: Dielectric solved 0.6 GHz at 80 deg
lossless 724 724 HH: Dielectric solved 0.6 GHz at 81 deg
lossless 724 724 HH: Dielectric solved 0.6 GHz at 82 deg
lossless 724 724 HH: Dielectric solved 0.6 GHz at 83 deg
lossless 724 724 HH: Dielectric solved 0.6 GHz at 84 deg
lossless 724 724 HH: Dielectric solved 0.6 GHz at 85 deg
lossless 724 724 HH: Dielectric solved 0.6 GHz at 86 deg
lossless 724 724 HH: Dielectric solved 0.6 GHz at 87 deg
lossless 724 724 HH: Dielectric solved 0.6 GHz at 88 deg
lossless 724 724 HH: Dielectric solved 0.6 GHz at 89 deg
lossless 724 724 HH: Dielectric solved 0.6 GHz at 90 deg
lossless 724 724 HH: Dielectric solved 0.6 GHz at 91 deg
lossless 724 724 HH: Dielectric solved 0.6 GHz at 92 deg
lossless 724 724 HH: Dielectric solved 0.6 GHz at 93 deg
lossless 724 724 HH: Dielectric solved 0.6 GHz at 94 deg
lossless 724 724 HH: Dielectric solved 0.6 GHz at 95 deg
lossless 724 724 HH: Dielectric solved 0.6 GHz at 96 deg
lossless 724 724 HH: Dielectric solved 0.6 GHz at 97 deg
lossless 724 724 HH: Dielectric solved 0.6 GHz at 98 deg
lossless 724 724 HH: Dielectric solved 0.6 GHz at 99 deg
lossless 724 724 HH: Dielectric solved 0.6 GHz at 100 deg
lossless 724 724 HH: Dielectric solved 0.6 GHz at 101 deg
lossless 724 724 HH: Dielectric solved 0.6 GHz at 102 deg
lossless 724 724 HH: Dielectric solved 0.6 GHz at 103 deg
lossless 724 724 HH: Dielectric solved 0.6 GHz at 104 deg
lossless 724 724 HH: Dielectric solved 0.6 GHz at 105 deg
lossless 724 724 HH: Dielectric solved 0.6 GHz at 106 deg
lossless 724 724 HH: Dielectric solved 0.6 GHz at 107 deg
lossless 724 724 HH: Dielectric solved 0.6 GHz at 108 deg
lossless 724 724 HH: Dielectric solved 0.6 GHz at 109 deg
lossless 724 724 HH: Dielectric solved 0.6 GHz at 110 deg
lossless 724 724 HH: Dielectric solved 0.6 GHz at 111 deg
lossless 724 724 HH: Dielectric solved 0.6 GHz at 112 deg
lossless 724 724 HH: Dielectric solved 0.6 GHz at 113 deg
lossless 724 724 HH: Dielectric solved 0.6 GHz at 114 deg
lossless 724 724 HH: Dielectric solved 0.6 GHz at 115 deg
lossless 724 724 HH: Dielectric solved 0.6 GHz at 116 deg
lossless 724 724 HH: Dielectric solved 0.6 GHz at 117 deg
lossless 724 724 HH: Dielectric solved 0.6 GHz at 118 deg
lossless 724 724 HH: Dielectric solved 0.6 GHz at 119 deg
lossless 724 724 HH: Dielectric solved 0.6 GHz at 120 deg
lossless 724 724 HH: Dielectric solved 0.6 GHz at 121 deg
lossless 724 724 HH: Dielectric solved 0.6 GHz at 122 deg
lossless 724 724 HH: Dielectric solved 0.6 GHz at 123 deg
lossless 724 724 HH: Dielectric solved 0.6 GHz at 124 deg
lossless 724 724 HH: Dielectric solved 0.6 GHz at 125 deg
lossless 724 724 HH: Dielectric solved 0.6 GHz at 126 deg
lossless 724 724 HH: Dielectric solved 0.6 GHz at 127 deg
lossless 724 724 HH: Dielectric solved 0.6 GHz at 128 deg
lossless 724 724 HH: Dielectric solved 0.6 GHz at 129 deg
lossless 724 724 HH: Dielectric solved 0.6 GHz at 130 deg
lossless 724 724 HH: Dielectric solved 0.6 GHz at 131 deg
lossless 724 724 HH: Dielectric solved 0.6 GHz at 132 deg
lossless 724 724 HH: Dielectric solved 0.6 GHz at 133 deg
lossless 724 724 HH: Dielectric solved 0.6 GHz at 134 deg
lossless 724 724 HH: Dielectric solved 0.6 GHz at 135 deg
lossless 724 724 HH: Dielectric solved 0.6 GHz at 136 deg
lossless 724 724 HH: Dielectric solved 0.6 GHz at 137 deg
lossless 724 724 HH: Dielectric solved 0.6 GHz at 138 deg
lossless 724 724 HH: Dielectric solved 0.6 GHz at 139 deg
lossless 724 724 HH: Dielectric solved 0.6 GHz at 140 deg
lossless 724 724 HH: Dielectric solved 0.6 GHz at 141 deg
lossless 724 724 HH: Dielectric solved 0.6 GHz at 142 deg
lossless 724 724 HH: Dielectric solved 0.6 GHz at 143 deg
lossless 724 724 HH: Dielectric solved 0.6 GHz at 144 deg
lossless 724 724 HH: Dielectric solved 0.6 GHz at 145 deg
lossless 724 724 HH: Dielectric solved 0.6 GHz at 146 deg
lossless 724 724 HH: Dielectric solved 0.6 GHz at 147 deg
lossless 724 724 HH: Dielectric solved 0.6 GHz at 148 deg
lossless 724 724 HH: Dielectric solved 0.6 GHz at 149 deg
lossless 724 724 HH: Dielectric solved 0.6 GHz at 150 deg
lossless 724 724 HH: Dielectric solved 0.6 GHz at 151 deg
lossless 724 724 HH: Dielectric solved 0.6 GHz at 152 deg
lossless 724 724 HH: Dielectric solved 0.6 GHz at 153 deg
lossless 724 724 HH: Dielectric solved 0.6 GHz at 154 deg
lossless 724 724 HH: Dielectric solved 0.6 GHz at 155 deg
lossless 724 724 HH: Dielectric solved 0.6 GHz at 156 deg
lossless 724 724 HH: Dielectric solved 0.6 GHz at 157 deg
lossless 724 724 HH: Dielectric solved 0.6 GHz at 158 deg
lossless 724 724 HH: Dielectric solved 0.6 GHz at 159 deg
lossless 724 724 HH: Dielectric solved 0.6 GHz at 160 deg
lossless 724 724 HH: Dielectric solved 0.6 GHz at 161 deg
lossless 724 724 HH: Dielectric solved 0.6 GHz at 162 deg
lossless 724 724 HH: Dielectric solved 0.6 GHz at 163 deg
lossless 724 724 HH: Dielectric solved 0.6 GHz at 164 deg
lossless 724 724 HH: Dielectric solved 0.6 GHz at 165 deg
lossless 724 724 HH: Dielectric solved 0.6 GHz at 166 deg
lossless 724 724 HH: Dielectric solved 0.6 GHz at 167 deg
lossless 724 724 HH: Dielectric solved 0.6 GHz at 168 deg
lossless 724 724 HH: Dielectric solved 0.6 GHz at 169 deg
lossless 724 724 HH: Dielectric solved 0.6 GHz at 170 deg
lossless 724 724 HH: Dielectric solved 0.6 GHz at 171 deg
lossless 724 724 HH: Dielectric solved 0.6 GHz at 172 deg
lossless 724 724 HH: Dielectric solved 0.6 GHz at 173 deg
lossless 724 724 HH: Dielectric solved 0.6 GHz at 174 deg
lossless 724 724 HH: Dielectric solved 0.6 GHz at 175 deg
lossless 724 724 HH: Dielectric solved 0.6 GHz at 176 deg
lossless 724 724 HH: Dielectric solved 0.6 GHz at 177 deg
lossless 724 724 HH: Dielectric solved 0.6 GHz at 178 deg
lossless 724 724 HH: Dielectric solved 0.6 GHz at 179 deg
lossless 724 724 HH: Dielectric solved 0.6 GHz at 180 deg
lossless 724 724 HH: Dielectric solved 0.6 GHz at 181 deg
lossless 724 724 HH: Dielectric solved 0.6 GHz at 182 deg
lossless 724 724 HH: Dielectric solved 0.6 GHz at 183 deg
lossless 724 724 HH: Dielectric solved 0.6 GHz at 184 deg
lossless 724 724 HH: Dielectric solved 0.6 GHz at 185 deg
lossless 724 724 HH: Dielectric solved 0.6 GHz at 186 deg
lossless 724 724 HH: Dielectric solved 0.6 GHz at 187 deg
lossless 724 724 HH: Dielectric solved 0.6 GHz at 188 deg
lossless 724 724 HH: Dielectric solved 0.6 GHz at 189 deg
lossless 724 724 HH: Dielectric solved 0.6 GHz at 190 deg
lossless 724 724 HH: Dielectric solved 0.6 GHz at 191 deg
lossless 724 724 HH: Dielectric solved 0.6 GHz at 192 deg
lossless 724 724 HH: Dielectric solved 0.6 GHz at 193 deg
lossless 724 724 HH: Dielectric solved 0.6 GHz at 194 deg
lossless 724 724 HH: Dielectric solved 0.6 GHz at 195 deg
lossless 724 724 HH: Dielectric solved 0.6 GHz at 196 deg
lossless 724 724 HH: Dielectric solved 0.6 GHz at 197 deg
lossless 724 724 HH: Dielectric solved 0.6 GHz at 198 deg
lossless 724 724 HH: Dielectric solved 0.6 GHz at 199 deg
lossless 724 724 HH: Dielectric solved 0.6 GHz at 200 deg
lossless 724 724 HH: Dielectric solved 0.6 GHz at 201 deg
lossless 724 724 HH: Dielectric solved 0.6 GHz at 202 deg
lossless 724 724 HH: Dielectric solved 0.6 GHz at 203 deg
lossless 724 724 HH: Dielectric solved 0.6 GHz at 204 deg
lossless 724 724 HH: Dielectric solved 0.6 GHz at 205 deg
lossless 724 724 HH: Dielectric solved 0.6 GHz at 206 deg
lossless 724 724 HH: Dielectric solved 0.6 GHz at 207 deg
lossless 724 724 HH: Dielectric solved 0.6 GHz at 208 deg
lossless 724 724 HH: Dielectric solved 0.6 GHz at 209 deg
lossless 724 724 HH: Dielectric solved 0.6 GHz at 210 deg
lossless 724 724 HH: Dielectric solved 0.6 GHz at 211 deg
lossless 724 724 HH: Dielectric solved 0.6 GHz at 212 deg
lossless 724 724 HH: Dielectric solved 0.6 GHz at 213 deg
lossless 724 724 HH: Dielectric solved 0.6 GHz at 214 deg
lossless 724 724 HH: Dielectric solved 0.6 GHz at 215 deg
lossless 724 724 HH: Dielectric solved 0.6 GHz at 216 deg
lossless 724 724 HH: Dielectric solved 0.6 GHz at 217 deg
lossless 724 724 HH: Dielectric solved 0.6 GHz at 218 deg
lossless 724 724 HH: Dielectric solved 0.6 GHz at 219 deg
lossless 724 724 HH: Dielectric solved 0.6 GHz at 220 deg
lossless 724 724 HH: Dielectric solved 0.6 GHz at 221 deg
lossless 724 724 HH: Dielectric solved 0.6 GHz at 222 deg
lossless 724 724 HH: Dielectric solved 0.6 GHz at 223 deg
lossless 724 724 HH: Dielectric solved 0.6 GHz at 224 deg
lossless 724 724 HH: Dielectric solved 0.6 GHz at 225 deg
lossless 724 724 HH: Dielectric solved 0.6 GHz at 226 deg
lossless 724 724 HH: Dielectric solved 0.6 GHz at 227 deg
lossless 724 724 HH: Dielectric solved 0.6 GHz at 228 deg
lossless 724 724 HH: Dielectric solved 0.6 GHz at 229 deg
lossless 724 724 HH: Dielectric solved 0.6 GHz at 230 deg
lossless 724 724 HH: Dielectric solved 0.6 GHz at 231 deg
lossless 724 724 HH: Dielectric solved 0.6 GHz at 232 deg
lossless 724 724 HH: Dielectric solved 0.6 GHz at 233 deg
lossless 724 724 HH: Dielectric solved 0.6 GHz at 234 deg
lossless 724 724 HH: Dielectric solved 0.6 GHz at 235 deg
lossless 724 724 HH: Dielectric solved 0.6 GHz at 236 deg
lossless 724 724 HH: Dielectric solved 0.6 GHz at 237 deg
lossless 724 724 HH: Dielectric solved 0.6 GHz at 238 deg
lossless 724 724 HH: Dielectric solved 0.6 GHz at 239 deg
lossless 724 724 HH: Dielectric solved 0.6 GHz at 240 deg
lossless 724 724 HH: Dielectric solved 0.6 GHz at 241 deg
lossless 724 724 HH: Dielectric solved 0.6 GHz at 242 deg
lossless 724 724 HH: Dielectric solved 0.6 GHz at 243 deg
lossless 724 724 HH: Dielectric solved 0.6 GHz at 244 deg
lossless 724 724 HH: Dielectric solved 0.6 GHz at 245 deg
lossless 724 724 HH: Dielectric solved 0.6 GHz at 246 deg
lossless 724 724 HH: Dielectric solved 0.6 GHz at 247 deg
lossless 724 724 HH: Dielectric solved 0.6 GHz at 248 deg
lossless 724 724 HH: Dielectric solved 0.6 GHz at 249 deg
lossless 724 724 HH: Dielectric solved 0.6 GHz at 250 deg
lossless 724 724 HH: Dielectric solved 0.6 GHz at 251 deg
lossless 724 724 HH: Dielectric solved 0.6 GHz at 252 deg
lossless 724 724 HH: Dielectric solved 0.6 GHz at 253 deg
lossless 724 724 HH: Dielectric solved 0.6 GHz at 254 deg
lossless 724 724 HH: Dielectric solved 0.6 GHz at 255 deg
lossless 724 724 HH: Dielectric solved 0.6 GHz at 256 deg
lossless 724 724 HH: Dielectric solved 0.6 GHz at 257 deg
lossless 724 724 HH: Dielectric solved 0.6 GHz at 258 deg
lossless 724 724 HH: Dielectric solved 0.6 GHz at 259 deg
lossless 724 724 HH: Dielectric solved 0.6 GHz at 260 deg
lossless 724 724 HH: Dielectric solved 0.6 GHz at 261 deg
lossless 724 724 HH: Dielectric solved 0.6 GHz at 262 deg
lossless 724 724 HH: Dielectric solved 0.6 GHz at 263 deg
lossless 724 724 HH: Dielectric solved 0.6 GHz at 264 deg
lossless 724 724 HH: Dielectric solved 0.6 GHz at 265 deg
lossless 724 724 HH: Dielectric solved 0.6 GHz at 266 deg
lossless 724 724 HH: Dielectric solved 0.6 GHz at 267 deg
lossless 724 724 HH: Dielectric solved 0.6 GHz at 268 deg
lossless 724 724 HH: Dielectric solved 0.6 GHz at 269 deg
lossless 724 724 HH: Dielectric solved 0.6 GHz at 270 deg
lossless 724 724 HH: Dielectric solved 0.6 GHz at 271 deg
lossless 724 724 HH: Dielectric solved 0.6 GHz at 272 deg
lossless 724 724 HH: Dielectric solved 0.6 GHz at 273 deg
lossless 724 724 HH: Dielectric solved 0.6 GHz at 274 deg
lossless 724 724 HH: Dielectric solved 0.6 GHz at 275 deg
lossless 724 724 HH: Dielectric solved 0.6 GHz at 276 deg
lossless 724 724 HH: Dielectric solved 0.6 GHz at 277 deg
lossless 724 724 HH: Dielectric solved 0.6 GHz at 278 deg
lossless 724 724 HH: Dielectric solved 0.6 GHz at 279 deg
lossless 724 724 HH: Dielectric solved 0.6 GHz at 280 deg
lossless 724 724 HH: Dielectric solved 0.6 GHz at 281 deg
lossless 724 724 HH: Dielectric solved 0.6 GHz at 282 deg
lossless 724 724 HH: Dielectric solved 0.6 GHz at 283 deg
lossless 724 724 HH: Dielectric solved 0.6 GHz at 284 deg
lossless 724 724 HH: Dielectric solved 0.6 GHz at 285 deg
lossless 724 724 HH: Dielectric solved 0.6 GHz at 286 deg
lossless 724 724 HH: Dielectric solved 0.6 GHz at 287 deg
lossless 724 724 HH: Dielectric solved 0.6 GHz at 288 deg
lossless 724 724 HH: Dielectric solved 0.6 GHz at 289 deg
lossless 724 724 HH: Dielectric solved 0.6 GHz at 290 deg
lossless 724 724 HH: Dielectric solved 0.6 GHz at 291 deg
lossless 724 724 HH: Dielectric solved 0.6 GHz at 292 deg
lossless 724 724 HH: Dielectric solved 0.6 GHz at 293 deg
lossless 724 724 HH: Dielectric solved 0.6 GHz at 294 deg
lossless 724 724 HH: Dielectric solved 0.6 GHz at 295 deg
lossless 724 724 HH: Dielectric solved 0.6 GHz at 296 deg
lossless 724 724 HH: Dielectric solved 0.6 GHz at 297 deg
lossless 724 724 HH: Dielectric solved 0.6 GHz at 298 deg
lossless 724 724 HH: Dielectric solved 0.6 GHz at 299 deg
lossless 724 724 HH: Dielectric solved 0.6 GHz at 300 deg
lossless 724 724 HH: Dielectric solved 0.6 GHz at 301 deg
lossless 724 724 HH: Dielectric solved 0.6 GHz at 302 deg
lossless 724 724 HH: Dielectric solved 0.6 GHz at 303 deg
lossless 724 724 HH: Dielectric solved 0.6 GHz at 304 deg
lossless 724 724 HH: Dielectric solved 0.6 GHz at 305 deg
lossless 724 724 HH: Dielectric solved 0.6 GHz at 306 deg
lossless 724 724 HH: Dielectric solved 0.6 GHz at 307 deg
lossless 724 724 HH: Dielectric solved 0.6 GHz at 308 deg
lossless 724 724 HH: Dielectric solved 0.6 GHz at 309 deg
lossless 724 724 HH: Dielectric solved 0.6 GHz at 310 deg
lossless 724 724 HH: Dielectric solved 0.6 GHz at 311 deg
lossless 724 724 HH: Dielectric solved 0.6 GHz at 312 deg
lossless 724 724 HH: Dielectric solved 0.6 GHz at 313 deg
lossless 724 724 HH: Dielectric solved 0.6 GHz at 314 deg
lossless 724 724 HH: Dielectric solved 0.6 GHz at 315 deg
lossless 724 724 HH: Dielectric solved 0.6 GHz at 316 deg
lossless 724 724 HH: Dielectric solved 0.6 GHz at 317 deg
lossless 724 724 HH: Dielectric solved 0.6 GHz at 318 deg
lossless 724 724 HH: Dielectric solved 0.6 GHz at 319 deg
lossless 724 724 HH: Dielectric solved 0.6 GHz at 320 deg
lossless 724 724 HH: Dielectric solved 0.6 GHz at 321 deg
lossless 724 724 HH: Dielectric solved 0.6 GHz at 322 deg
lossless 724 724 HH: Dielectric solved 0.6 GHz at 323 deg
lossless 724 724 HH: Dielectric solved 0.6 GHz at 324 deg
lossless 724 724 HH: Dielectric solved 0.6 GHz at 325 deg
lossless 724 724 HH: Dielectric solved 0.6 GHz at 326 deg
lossless 724 724 HH: Dielectric solved 0.6 GHz at 327 deg
lossless 724 724 HH: Dielectric solved 0.6 GHz at 328 deg
lossless 724 724 HH: Dielectric solved 0.6 GHz at 329 deg
lossless 724 724 HH: Dielectric solved 0.6 GHz at 330 deg
lossless 724 724 HH: Dielectric solved 0.6 GHz at 331 deg
lossless 724 724 HH: Dielectric solved 0.6 GHz at 332 deg
lossless 724 724 HH: Dielectric solved 0.6 GHz at 333 deg
lossless 724 724 HH: Dielectric solved 0.6 GHz at 334 deg
lossless 724 724 HH: Dielectric solved 0.6 GHz at 335 deg
lossless 724 724 HH: Dielectric solved 0.6 GHz at 336 deg
lossless 724 724 HH: Dielectric solved 0.6 GHz at 337 deg
lossless 724 724 HH: Dielectric solved 0.6 GHz at 338 deg
lossless 724 724 HH: Dielectric solved 0.6 GHz at 339 deg
lossless 724 724 HH: Dielectric solved 0.6 GHz at 340 deg
lossless 724 724 HH: Dielectric solved 0.6 GHz at 341 deg
lossless 724 724 HH: Dielectric solved 0.6 GHz at 342 deg
lossless 724 724 HH: Dielectric solved 0.6 GHz at 343 deg
lossless 724 724 HH: Dielectric solved 0.6 GHz at 344 deg
lossless 724 724 HH: Dielectric solved 0.6 GHz at 345 deg
lossless 724 724 HH: Dielectric solved 0.6 GHz at 346 deg
lossless 724 724 HH: Dielectric solved 0.6 GHz at 347 deg
lossless 724 724 HH: Dielectric solved 0.6 GHz at 348 deg
lossless 724 724 HH: Dielectric solved 0.6 GHz at 349 deg
lossless 724 724 HH: Dielectric solved 0.6 GHz at 350 deg
lossless 724 724 HH: Dielectric solved 0.6 GHz at 351 deg
lossless 724 724 HH: Dielectric solved 0.6 GHz at 352 deg
lossless 724 724 HH: Dielectric solved 0.6 GHz at 353 deg
lossless 724 724 HH: Dielectric solved 0.6 GHz at 354 deg
lossless 724 724 HH: Dielectric solved 0.6 GHz at 355 deg
lossless 724 724 HH: Dielectric solved 0.6 GHz at 356 deg
lossless 724 724 HH: Dielectric solved 0.6 GHz at 357 deg
lossless 724 724 HH: Dielectric solved 0.6 GHz at 358 deg
lossless 724 724 HH: Dielectric solved 0.6 GHz at 359 deg
lossless 724 724 HH: Dielectric solved 0.6 GHz at 360 deg
lossless 4.443094800000836 True 
lossy 0 724 VV: Initializing solver
lossy 724 724 HH: Experimental CPU: solved 361 of 361 angles at 0.6 GHz
lossy 724 724 HH: Dielectric solved 0.6 GHz at 0 deg
lossy 724 724 HH: Dielectric solved 0.6 GHz at 1 deg
lossy 724 724 HH: Dielectric solved 0.6 GHz at 2 deg
lossy 724 724 HH: Dielectric solved 0.6 GHz at 3 deg
lossy 724 724 HH: Dielectric solved 0.6 GHz at 4 deg
lossy 724 724 HH: Dielectric solved 0.6 GHz at 5 deg
lossy 724 724 HH: Dielectric solved 0.6 GHz at 6 deg
lossy 724 724 HH: Dielectric solved 0.6 GHz at 7 deg
lossy 724 724 HH: Dielectric solved 0.6 GHz at 8 deg
lossy 724 724 HH: Dielectric solved 0.6 GHz at 9 deg
lossy 724 724 HH: Dielectric solved 0.6 GHz at 10 deg
lossy 724 724 HH: Dielectric solved 0.6 GHz at 11 deg
lossy 724 724 HH: Dielectric solved 0.6 GHz at 12 deg
lossy 724 724 HH: Dielectric solved 0.6 GHz at 13 deg
lossy 724 724 HH: Dielectric solved 0.6 GHz at 14 deg
lossy 724 724 HH: Dielectric solved 0.6 GHz at 15 deg
lossy 724 724 HH: Dielectric solved 0.6 GHz at 16 deg
lossy 724 724 HH: Dielectric solved 0.6 GHz at 17 deg
lossy 724 724 HH: Dielectric solved 0.6 GHz at 18 deg
lossy 724 724 HH: Dielectric solved 0.6 GHz at 19 deg
lossy 724 724 HH: Dielectric solved 0.6 GHz at 20 deg
lossy 724 724 HH: Dielectric solved 0.6 GHz at 21 deg
lossy 724 724 HH: Dielectric solved 0.6 GHz at 22 deg
lossy 724 724 HH: Dielectric solved 0.6 GHz at 23 deg
lossy 724 724 HH: Dielectric solved 0.6 GHz at 24 deg
lossy 724 724 HH: Dielectric solved 0.6 GHz at 25 deg
lossy 724 724 HH: Dielectric solved 0.6 GHz at 26 deg
lossy 724 724 HH: Dielectric solved 0.6 GHz at 27 deg
lossy 724 724 HH: Dielectric solved 0.6 GHz at 28 deg
lossy 724 724 HH: Dielectric solved 0.6 GHz at 29 deg
lossy 724 724 HH: Dielectric solved 0.6 GHz at 30 deg
lossy 724 724 HH: Dielectric solved 0.6 GHz at 31 deg
lossy 724 724 HH: Dielectric solved 0.6 GHz at 32 deg
lossy 724 724 HH: Dielectric solved 0.6 GHz at 33 deg
lossy 724 724 HH: Dielectric solved 0.6 GHz at 34 deg
lossy 724 724 HH: Dielectric solved 0.6 GHz at 35 deg
lossy 724 724 HH: Dielectric solved 0.6 GHz at 36 deg
lossy 724 724 HH: Dielectric solved 0.6 GHz at 37 deg
lossy 724 724 HH: Dielectric solved 0.6 GHz at 38 deg
lossy 724 724 HH: Dielectric solved 0.6 GHz at 39 deg
lossy 724 724 HH: Dielectric solved 0.6 GHz at 40 deg
lossy 724 724 HH: Dielectric solved 0.6 GHz at 41 deg
lossy 724 724 HH: Dielectric solved 0.6 GHz at 42 deg
lossy 724 724 HH: Dielectric solved 0.6 GHz at 43 deg
lossy 724 724 HH: Dielectric solved 0.6 GHz at 44 deg
lossy 724 724 HH: Dielectric solved 0.6 GHz at 45 deg
lossy 724 724 HH: Dielectric solved 0.6 GHz at 46 deg
lossy 724 724 HH: Dielectric solved 0.6 GHz at 47 deg
lossy 724 724 HH: Dielectric solved 0.6 GHz at 48 deg
lossy 724 724 HH: Dielectric solved 0.6 GHz at 49 deg
lossy 724 724 HH: Dielectric solved 0.6 GHz at 50 deg
lossy 724 724 HH: Dielectric solved 0.6 GHz at 51 deg
lossy 724 724 HH: Dielectric solved 0.6 GHz at 52 deg
lossy 724 724 HH: Dielectric solved 0.6 GHz at 53 deg
lossy 724 724 HH: Dielectric solved 0.6 GHz at 54 deg
lossy 724 724 HH: Dielectric solved 0.6 GHz at 55 deg
lossy 724 724 HH: Dielectric solved 0.6 GHz at 56 deg
lossy 724 724 HH: Dielectric solved 0.6 GHz at 57 deg
lossy 724 724 HH: Dielectric solved 0.6 GHz at 58 deg
lossy 724 724 HH: Dielectric solved 0.6 GHz at 59 deg
lossy 724 724 HH: Dielectric solved 0.6 GHz at 60 deg
lossy 724 724 HH: Dielectric solved 0.6 GHz at 61 deg
lossy 724 724 HH: Dielectric solved 0.6 GHz at 62 deg
lossy 724 724 HH: Dielectric solved 0.6 GHz at 63 deg
lossy 724 724 HH: Dielectric solved 0.6 GHz at 64 deg
lossy 724 724 HH: Dielectric solved 0.6 GHz at 65 deg
lossy 724 724 HH: Dielectric solved 0.6 GHz at 66 deg
lossy 724 724 HH: Dielectric solved 0.6 GHz at 67 deg
lossy 724 724 HH: Dielectric solved 0.6 GHz at 68 deg
lossy 724 724 HH: Dielectric solved 0.6 GHz at 69 deg
lossy 724 724 HH: Dielectric solved 0.6 GHz at 70 deg
lossy 724 724 HH: Dielectric solved 0.6 GHz at 71 deg
lossy 724 724 HH: Dielectric solved 0.6 GHz at 72 deg
lossy 724 724 HH: Dielectric solved 0.6 GHz at 73 deg
lossy 724 724 HH: Dielectric solved 0.6 GHz at 74 deg
lossy 724 724 HH: Dielectric solved 0.6 GHz at 75 deg
lossy 724 724 HH: Dielectric solved 0.6 GHz at 76 deg
lossy 724 724 HH: Dielectric solved 0.6 GHz at 77 deg
lossy 724 724 HH: Dielectric solved 0.6 GHz at 78 deg
lossy 724 724 HH: Dielectric solved 0.6 GHz at 79 deg
lossy 724 724 HH: Dielectric solved 0.6 GHz at 80 deg
lossy 724 724 HH: Dielectric solved 0.6 GHz at 81 deg
lossy 724 724 HH: Dielectric solved 0.6 GHz at 82 deg
lossy 724 724 HH: Dielectric solved 0.6 GHz at 83 deg
lossy 724 724 HH: Dielectric solved 0.6 GHz at 84 deg
lossy 724 724 HH: Dielectric solved 0.6 GHz at 85 deg
lossy 724 724 HH: Dielectric solved 0.6 GHz at 86 deg
lossy 724 724 HH: Dielectric solved 0.6 GHz at 87 deg
lossy 724 724 HH: Dielectric solved 0.6 GHz at 88 deg
lossy 724 724 HH: Dielectric solved 0.6 GHz at 89 deg
lossy 724 724 HH: Dielectric solved 0.6 GHz at 90 deg
lossy 724 724 HH: Dielectric solved 0.6 GHz at 91 deg
lossy 724 724 HH: Dielectric solved 0.6 GHz at 92 deg
lossy 724 724 HH: Dielectric solved 0.6 GHz at 93 deg
lossy 724 724 HH: Dielectric solved 0.6 GHz at 94 deg
lossy 724 724 HH: Dielectric solved 0.6 GHz at 95 deg
lossy 724 724 HH: Dielectric solved 0.6 GHz at 96 deg
lossy 724 724 HH: Dielectric solved 0.6 GHz at 97 deg
lossy 724 724 HH: Dielectric solved 0.6 GHz at 98 deg
lossy 724 724 HH: Dielectric solved 0.6 GHz at 99 deg
lossy 724 724 HH: Dielectric solved 0.6 GHz at 100 deg
lossy 724 724 HH: Dielectric solved 0.6 GHz at 101 deg
lossy 724 724 HH: Dielectric solved 0.6 GHz at 102 deg
lossy 724 724 HH: Dielectric solved 0.6 GHz at 103 deg
lossy 724 724 HH: Dielectric solved 0.6 GHz at 104 deg
lossy 724 724 HH: Dielectric solved 0.6 GHz at 105 deg
lossy 724 724 HH: Dielectric solved 0.6 GHz at 106 deg
lossy 724 724 HH: Dielectric solved 0.6 GHz at 107 deg
lossy 724 724 HH: Dielectric solved 0.6 GHz at 108 deg
lossy 724 724 HH: Dielectric solved 0.6 GHz at 109 deg
lossy 724 724 HH: Dielectric solved 0.6 GHz at 110 deg
lossy 724 724 HH: Dielectric solved 0.6 GHz at 111 deg
lossy 724 724 HH: Dielectric solved 0.6 GHz at 112 deg
lossy 724 724 HH: Dielectric solved 0.6 GHz at 113 deg
lossy 724 724 HH: Dielectric solved 0.6 GHz at 114 deg
lossy 724 724 HH: Dielectric solved 0.6 GHz at 115 deg
lossy 724 724 HH: Dielectric solved 0.6 GHz at 116 deg
lossy 724 724 HH: Dielectric solved 0.6 GHz at 117 deg
lossy 724 724 HH: Dielectric solved 0.6 GHz at 118 deg
lossy 724 724 HH: Dielectric solved 0.6 GHz at 119 deg
lossy 724 724 HH: Dielectric solved 0.6 GHz at 120 deg
lossy 724 724 HH: Dielectric solved 0.6 GHz at 121 deg
lossy 724 724 HH: Dielectric solved 0.6 GHz at 122 deg
lossy 724 724 HH: Dielectric solved 0.6 GHz at 123 deg
lossy 724 724 HH: Dielectric solved 0.6 GHz at 124 deg
lossy 724 724 HH: Dielectric solved 0.6 GHz at 125 deg
lossy 724 724 HH: Dielectric solved 0.6 GHz at 126 deg
lossy 724 724 HH: Dielectric solved 0.6 GHz at 127 deg
lossy 724 724 HH: Dielectric solved 0.6 GHz at 128 deg
lossy 724 724 HH: Dielectric solved 0.6 GHz at 129 deg
lossy 724 724 HH: Dielectric solved 0.6 GHz at 130 deg
lossy 724 724 HH: Dielectric solved 0.6 GHz at 131 deg
lossy 724 724 HH: Dielectric solved 0.6 GHz at 132 deg
lossy 724 724 HH: Dielectric solved 0.6 GHz at 133 deg
lossy 724 724 HH: Dielectric solved 0.6 GHz at 134 deg
lossy 724 724 HH: Dielectric solved 0.6 GHz at 135 deg
lossy 724 724 HH: Dielectric solved 0.6 GHz at 136 deg
lossy 724 724 HH: Dielectric solved 0.6 GHz at 137 deg
lossy 724 724 HH: Dielectric solved 0.6 GHz at 138 deg
lossy 724 724 HH: Dielectric solved 0.6 GHz at 139 deg
lossy 724 724 HH: Dielectric solved 0.6 GHz at 140 deg
lossy 724 724 HH: Dielectric solved 0.6 GHz at 141 deg
lossy 724 724 HH: Dielectric solved 0.6 GHz at 142 deg
lossy 724 724 HH: Dielectric solved 0.6 GHz at 143 deg
lossy 724 724 HH: Dielectric solved 0.6 GHz at 144 deg
lossy 724 724 HH: Dielectric solved 0.6 GHz at 145 deg
lossy 724 724 HH: Dielectric solved 0.6 GHz at 146 deg
lossy 724 724 HH: Dielectric solved 0.6 GHz at 147 deg
lossy 724 724 HH: Dielectric solved 0.6 GHz at 148 deg
lossy 724 724 HH: Dielectric solved 0.6 GHz at 149 deg
lossy 724 724 HH: Dielectric solved 0.6 GHz at 150 deg
lossy 724 724 HH: Dielectric solved 0.6 GHz at 151 deg
lossy 724 724 HH: Dielectric solved 0.6 GHz at 152 deg
lossy 724 724 HH: Dielectric solved 0.6 GHz at 153 deg
lossy 724 724 HH: Dielectric solved 0.6 GHz at 154 deg
lossy 724 724 HH: Dielectric solved 0.6 GHz at 155 deg
lossy 724 724 HH: Dielectric solved 0.6 GHz at 156 deg
lossy 724 724 HH: Dielectric solved 0.6 GHz at 157 deg
lossy 724 724 HH: Dielectric solved 0.6 GHz at 158 deg
lossy 724 724 HH: Dielectric solved 0.6 GHz at 159 deg
lossy 724 724 HH: Dielectric solved 0.6 GHz at 160 deg
lossy 724 724 HH: Dielectric solved 0.6 GHz at 161 deg
lossy 724 724 HH: Dielectric solved 0.6 GHz at 162 deg
lossy 724 724 HH: Dielectric solved 0.6 GHz at 163 deg
lossy 724 724 HH: Dielectric solved 0.6 GHz at 164 deg
lossy 724 724 HH: Dielectric solved 0.6 GHz at 165 deg
lossy 724 724 HH: Dielectric solved 0.6 GHz at 166 deg
lossy 724 724 HH: Dielectric solved 0.6 GHz at 167 deg
lossy 724 724 HH: Dielectric solved 0.6 GHz at 168 deg
lossy 724 724 HH: Dielectric solved 0.6 GHz at 169 deg
lossy 724 724 HH: Dielectric solved 0.6 GHz at 170 deg
lossy 724 724 HH: Dielectric solved 0.6 GHz at 171 deg
lossy 724 724 HH: Dielectric solved 0.6 GHz at 172 deg
lossy 724 724 HH: Dielectric solved 0.6 GHz at 173 deg
lossy 724 724 HH: Dielectric solved 0.6 GHz at 174 deg
lossy 724 724 HH: Dielectric solved 0.6 GHz at 175 deg
lossy 724 724 HH: Dielectric solved 0.6 GHz at 176 deg
lossy 724 724 HH: Dielectric solved 0.6 GHz at 177 deg
lossy 724 724 HH: Dielectric solved 0.6 GHz at 178 deg
lossy 724 724 HH: Dielectric solved 0.6 GHz at 179 deg
lossy 724 724 HH: Dielectric solved 0.6 GHz at 180 deg
lossy 724 724 HH: Dielectric solved 0.6 GHz at 181 deg
lossy 724 724 HH: Dielectric solved 0.6 GHz at 182 deg
lossy 724 724 HH: Dielectric solved 0.6 GHz at 183 deg
lossy 724 724 HH: Dielectric solved 0.6 GHz at 184 deg
lossy 724 724 HH: Dielectric solved 0.6 GHz at 185 deg
lossy 724 724 HH: Dielectric solved 0.6 GHz at 186 deg
lossy 724 724 HH: Dielectric solved 0.6 GHz at 187 deg
lossy 724 724 HH: Dielectric solved 0.6 GHz at 188 deg
lossy 724 724 HH: Dielectric solved 0.6 GHz at 189 deg
lossy 724 724 HH: Dielectric solved 0.6 GHz at 190 deg
lossy 724 724 HH: Dielectric solved 0.6 GHz at 191 deg
lossy 724 724 HH: Dielectric solved 0.6 GHz at 192 deg
lossy 724 724 HH: Dielectric solved 0.6 GHz at 193 deg
lossy 724 724 HH: Dielectric solved 0.6 GHz at 194 deg
lossy 724 724 HH: Dielectric solved 0.6 GHz at 195 deg
lossy 724 724 HH: Dielectric solved 0.6 GHz at 196 deg
lossy 724 724 HH: Dielectric solved 0.6 GHz at 197 deg
lossy 724 724 HH: Dielectric solved 0.6 GHz at 198 deg
lossy 724 724 HH: Dielectric solved 0.6 GHz at 199 deg
lossy 724 724 HH: Dielectric solved 0.6 GHz at 200 deg
lossy 724 724 HH: Dielectric solved 0.6 GHz at 201 deg
lossy 724 724 HH: Dielectric solved 0.6 GHz at 202 deg
lossy 724 724 HH: Dielectric solved 0.6 GHz at 203 deg
lossy 724 724 HH: Dielectric solved 0.6 GHz at 204 deg
lossy 724 724 HH: Dielectric solved 0.6 GHz at 205 deg
lossy 724 724 HH: Dielectric solved 0.6 GHz at 206 deg
lossy 724 724 HH: Dielectric solved 0.6 GHz at 207 deg
lossy 724 724 HH: Dielectric solved 0.6 GHz at 208 deg
lossy 724 724 HH: Dielectric solved 0.6 GHz at 209 deg
lossy 724 724 HH: Dielectric solved 0.6 GHz at 210 deg
lossy 724 724 HH: Dielectric solved 0.6 GHz at 211 deg
lossy 724 724 HH: Dielectric solved 0.6 GHz at 212 deg
lossy 724 724 HH: Dielectric solved 0.6 GHz at 213 deg
lossy 724 724 HH: Dielectric solved 0.6 GHz at 214 deg
lossy 724 724 HH: Dielectric solved 0.6 GHz at 215 deg
lossy 724 724 HH: Dielectric solved 0.6 GHz at 216 deg
lossy 724 724 HH: Dielectric solved 0.6 GHz at 217 deg
lossy 724 724 HH: Dielectric solved 0.6 GHz at 218 deg
lossy 724 724 HH: Dielectric solved 0.6 GHz at 219 deg
lossy 724 724 HH: Dielectric solved 0.6 GHz at 220 deg
lossy 724 724 HH: Dielectric solved 0.6 GHz at 221 deg
lossy 724 724 HH: Dielectric solved 0.6 GHz at 222 deg
lossy 724 724 HH: Dielectric solved 0.6 GHz at 223 deg
lossy 724 724 HH: Dielectric solved 0.6 GHz at 224 deg
lossy 724 724 HH: Dielectric solved 0.6 GHz at 225 deg
lossy 724 724 HH: Dielectric solved 0.6 GHz at 226 deg
lossy 724 724 HH: Dielectric solved 0.6 GHz at 227 deg
lossy 724 724 HH: Dielectric solved 0.6 GHz at 228 deg
lossy 724 724 HH: Dielectric solved 0.6 GHz at 229 deg
lossy 724 724 HH: Dielectric solved 0.6 GHz at 230 deg
lossy 724 724 HH: Dielectric solved 0.6 GHz at 231 deg
lossy 724 724 HH: Dielectric solved 0.6 GHz at 232 deg
lossy 724 724 HH: Dielectric solved 0.6 GHz at 233 deg
lossy 724 724 HH: Dielectric solved 0.6 GHz at 234 deg
lossy 724 724 HH: Dielectric solved 0.6 GHz at 235 deg
lossy 724 724 HH: Dielectric solved 0.6 GHz at 236 deg
lossy 724 724 HH: Dielectric solved 0.6 GHz at 237 deg
lossy 724 724 HH: Dielectric solved 0.6 GHz at 238 deg
lossy 724 724 HH: Dielectric solved 0.6 GHz at 239 deg
lossy 724 724 HH: Dielectric solved 0.6 GHz at 240 deg
lossy 724 724 HH: Dielectric solved 0.6 GHz at 241 deg
lossy 724 724 HH: Dielectric solved 0.6 GHz at 242 deg
lossy 724 724 HH: Dielectric solved 0.6 GHz at 243 deg
lossy 724 724 HH: Dielectric solved 0.6 GHz at 244 deg
lossy 724 724 HH: Dielectric solved 0.6 GHz at 245 deg
lossy 724 724 HH: Dielectric solved 0.6 GHz at 246 deg
lossy 724 724 HH: Dielectric solved 0.6 GHz at 247 deg
lossy 724 724 HH: Dielectric solved 0.6 GHz at 248 deg
lossy 724 724 HH: Dielectric solved 0.6 GHz at 249 deg
lossy 724 724 HH: Dielectric solved 0.6 GHz at 250 deg
lossy 724 724 HH: Dielectric solved 0.6 GHz at 251 deg
lossy 724 724 HH: Dielectric solved 0.6 GHz at 252 deg
lossy 724 724 HH: Dielectric solved 0.6 GHz at 253 deg
lossy 724 724 HH: Dielectric solved 0.6 GHz at 254 deg
lossy 724 724 HH: Dielectric solved 0.6 GHz at 255 deg
lossy 724 724 HH: Dielectric solved 0.6 GHz at 256 deg
lossy 724 724 HH: Dielectric solved 0.6 GHz at 257 deg
lossy 724 724 HH: Dielectric solved 0.6 GHz at 258 deg
lossy 724 724 HH: Dielectric solved 0.6 GHz at 259 deg
lossy 724 724 HH: Dielectric solved 0.6 GHz at 260 deg
lossy 724 724 HH: Dielectric solved 0.6 GHz at 261 deg
lossy 724 724 HH: Dielectric solved 0.6 GHz at 262 deg
lossy 724 724 HH: Dielectric solved 0.6 GHz at 263 deg
lossy 724 724 HH: Dielectric solved 0.6 GHz at 264 deg
lossy 724 724 HH: Dielectric solved 0.6 GHz at 265 deg
lossy 724 724 HH: Dielectric solved 0.6 GHz at 266 deg
lossy 724 724 HH: Dielectric solved 0.6 GHz at 267 deg
lossy 724 724 HH: Dielectric solved 0.6 GHz at 268 deg
lossy 724 724 HH: Dielectric solved 0.6 GHz at 269 deg
lossy 724 724 HH: Dielectric solved 0.6 GHz at 270 deg
lossy 724 724 HH: Dielectric solved 0.6 GHz at 271 deg
lossy 724 724 HH: Dielectric solved 0.6 GHz at 272 deg
lossy 724 724 HH: Dielectric solved 0.6 GHz at 273 deg
lossy 724 724 HH: Dielectric solved 0.6 GHz at 274 deg
lossy 724 724 HH: Dielectric solved 0.6 GHz at 275 deg
lossy 724 724 HH: Dielectric solved 0.6 GHz at 276 deg
lossy 724 724 HH: Dielectric solved 0.6 GHz at 277 deg
lossy 724 724 HH: Dielectric solved 0.6 GHz at 278 deg
lossy 724 724 HH: Dielectric solved 0.6 GHz at 279 deg
lossy 724 724 HH: Dielectric solved 0.6 GHz at 280 deg
lossy 724 724 HH: Dielectric solved 0.6 GHz at 281 deg
lossy 724 724 HH: Dielectric solved 0.6 GHz at 282 deg
lossy 724 724 HH: Dielectric solved 0.6 GHz at 283 deg
lossy 724 724 HH: Dielectric solved 0.6 GHz at 284 deg
lossy 724 724 HH: Dielectric solved 0.6 GHz at 285 deg
lossy 724 724 HH: Dielectric solved 0.6 GHz at 286 deg
lossy 724 724 HH: Dielectric solved 0.6 GHz at 287 deg
lossy 724 724 HH: Dielectric solved 0.6 GHz at 288 deg
lossy 724 724 HH: Dielectric solved 0.6 GHz at 289 deg
lossy 724 724 HH: Dielectric solved 0.6 GHz at 290 deg
lossy 724 724 HH: Dielectric solved 0.6 GHz at 291 deg
lossy 724 724 HH: Dielectric solved 0.6 GHz at 292 deg
lossy 724 724 HH: Dielectric solved 0.6 GHz at 293 deg
lossy 724 724 HH: Dielectric solved 0.6 GHz at 294 deg
lossy 724 724 HH: Dielectric solved 0.6 GHz at 295 deg
lossy 724 724 HH: Dielectric solved 0.6 GHz at 296 deg
lossy 724 724 HH: Dielectric solved 0.6 GHz at 297 deg
lossy 724 724 HH: Dielectric solved 0.6 GHz at 298 deg
lossy 724 724 HH: Dielectric solved 0.6 GHz at 299 deg
lossy 724 724 HH: Dielectric solved 0.6 GHz at 300 deg
lossy 724 724 HH: Dielectric solved 0.6 GHz at 301 deg
lossy 724 724 HH: Dielectric solved 0.6 GHz at 302 deg
lossy 724 724 HH: Dielectric solved 0.6 GHz at 303 deg
lossy 724 724 HH: Dielectric solved 0.6 GHz at 304 deg
lossy 724 724 HH: Dielectric solved 0.6 GHz at 305 deg
lossy 724 724 HH: Dielectric solved 0.6 GHz at 306 deg
lossy 724 724 HH: Dielectric solved 0.6 GHz at 307 deg
lossy 724 724 HH: Dielectric solved 0.6 GHz at 308 deg
lossy 724 724 HH: Dielectric solved 0.6 GHz at 309 deg
lossy 724 724 HH: Dielectric solved 0.6 GHz at 310 deg
lossy 724 724 HH: Dielectric solved 0.6 GHz at 311 deg
lossy 724 724 HH: Dielectric solved 0.6 GHz at 312 deg
lossy 724 724 HH: Dielectric solved 0.6 GHz at 313 deg
lossy 724 724 HH: Dielectric solved 0.6 GHz at 314 deg
lossy 724 724 HH: Dielectric solved 0.6 GHz at 315 deg
lossy 724 724 HH: Dielectric solved 0.6 GHz at 316 deg
lossy 724 724 HH: Dielectric solved 0.6 GHz at 317 deg
lossy 724 724 HH: Dielectric solved 0.6 GHz at 318 deg
lossy 724 724 HH: Dielectric solved 0.6 GHz at 319 deg
lossy 724 724 HH: Dielectric solved 0.6 GHz at 320 deg
lossy 724 724 HH: Dielectric solved 0.6 GHz at 321 deg
lossy 724 724 HH: Dielectric solved 0.6 GHz at 322 deg
lossy 724 724 HH: Dielectric solved 0.6 GHz at 323 deg
lossy 724 724 HH: Dielectric solved 0.6 GHz at 324 deg
lossy 724 724 HH: Dielectric solved 0.6 GHz at 325 deg
lossy 724 724 HH: Dielectric solved 0.6 GHz at 326 deg
lossy 724 724 HH: Dielectric solved 0.6 GHz at 327 deg
lossy 724 724 HH: Dielectric solved 0.6 GHz at 328 deg
lossy 724 724 HH: Dielectric solved 0.6 GHz at 329 deg
lossy 724 724 HH: Dielectric solved 0.6 GHz at 330 deg
lossy 724 724 HH: Dielectric solved 0.6 GHz at 331 deg
lossy 724 724 HH: Dielectric solved 0.6 GHz at 332 deg
lossy 724 724 HH: Dielectric solved 0.6 GHz at 333 deg
lossy 724 724 HH: Dielectric solved 0.6 GHz at 334 deg
lossy 724 724 HH: Dielectric solved 0.6 GHz at 335 deg
lossy 724 724 HH: Dielectric solved 0.6 GHz at 336 deg
lossy 724 724 HH: Dielectric solved 0.6 GHz at 337 deg
lossy 724 724 HH: Dielectric solved 0.6 GHz at 338 deg
lossy 724 724 HH: Dielectric solved 0.6 GHz at 339 deg
lossy 724 724 HH: Dielectric solved 0.6 GHz at 340 deg
lossy 724 724 HH: Dielectric solved 0.6 GHz at 341 deg
lossy 724 724 HH: Dielectric solved 0.6 GHz at 342 deg
lossy 724 724 HH: Dielectric solved 0.6 GHz at 343 deg
lossy 724 724 HH: Dielectric solved 0.6 GHz at 344 deg
lossy 724 724 HH: Dielectric solved 0.6 GHz at 345 deg
lossy 724 724 HH: Dielectric solved 0.6 GHz at 346 deg
lossy 724 724 HH: Dielectric solved 0.6 GHz at 347 deg
lossy 724 724 HH: Dielectric solved 0.6 GHz at 348 deg
lossy 724 724 HH: Dielectric solved 0.6 GHz at 349 deg
lossy 724 724 HH: Dielectric solved 0.6 GHz at 350 deg
lossy 724 724 HH: Dielectric solved 0.6 GHz at 351 deg
lossy 724 724 HH: Dielectric solved 0.6 GHz at 352 deg
lossy 724 724 HH: Dielectric solved 0.6 GHz at 353 deg
lossy 724 724 HH: Dielectric solved 0.6 GHz at 354 deg
lossy 724 724 HH: Dielectric solved 0.6 GHz at 355 deg
lossy 724 724 HH: Dielectric solved 0.6 GHz at 356 deg
lossy 724 724 HH: Dielectric solved 0.6 GHz at 357 deg
lossy 724 724 HH: Dielectric solved 0.6 GHz at 358 deg
lossy 724 724 HH: Dielectric solved 0.6 GHz at 359 deg
lossy 724 724 HH: Dielectric solved 0.6 GHz at 360 deg
lossy 5.20897899999909 True 
magnetic 0 724 VV: Initializing solver
magnetic 724 724 HH: Experimental CPU: solved 361 of 361 angles at 0.6 GHz
magnetic 724 724 HH: Dielectric solved 0.6 GHz at 0 deg
magnetic 724 724 HH: Dielectric solved 0.6 GHz at 1 deg
magnetic 724 724 HH: Dielectric solved 0.6 GHz at 2 deg
magnetic 724 724 HH: Dielectric solved 0.6 GHz at 3 deg
magnetic 724 724 HH: Dielectric solved 0.6 GHz at 4 deg
magnetic 724 724 HH: Dielectric solved 0.6 GHz at 5 deg
magnetic 724 724 HH: Dielectric solved 0.6 GHz at 6 deg
magnetic 724 724 HH: Dielectric solved 0.6 GHz at 7 deg
magnetic 724 724 HH: Dielectric solved 0.6 GHz at 8 deg
magnetic 724 724 HH: Dielectric solved 0.6 GHz at 9 deg
magnetic 724 724 HH: Dielectric solved 0.6 GHz at 10 deg
magnetic 724 724 HH: Dielectric solved 0.6 GHz at 11 deg
magnetic 724 724 HH: Dielectric solved 0.6 GHz at 12 deg
magnetic 724 724 HH: Dielectric solved 0.6 GHz at 13 deg
magnetic 724 724 HH: Dielectric solved 0.6 GHz at 14 deg
magnetic 724 724 HH: Dielectric solved 0.6 GHz at 15 deg
magnetic 724 724 HH: Dielectric solved 0.6 GHz at 16 deg
magnetic 724 724 HH: Dielectric solved 0.6 GHz at 17 deg
magnetic 724 724 HH: Dielectric solved 0.6 GHz at 18 deg
magnetic 724 724 HH: Dielectric solved 0.6 GHz at 19 deg
magnetic 724 724 HH: Dielectric solved 0.6 GHz at 20 deg
magnetic 724 724 HH: Dielectric solved 0.6 GHz at 21 deg
magnetic 724 724 HH: Dielectric solved 0.6 GHz at 22 deg
magnetic 724 724 HH: Dielectric solved 0.6 GHz at 23 deg
magnetic 724 724 HH: Dielectric solved 0.6 GHz at 24 deg
magnetic 724 724 HH: Dielectric solved 0.6 GHz at 25 deg
magnetic 724 724 HH: Dielectric solved 0.6 GHz at 26 deg
magnetic 724 724 HH: Dielectric solved 0.6 GHz at 27 deg
magnetic 724 724 HH: Dielectric solved 0.6 GHz at 28 deg
magnetic 724 724 HH: Dielectric solved 0.6 GHz at 29 deg
magnetic 724 724 HH: Dielectric solved 0.6 GHz at 30 deg
magnetic 724 724 HH: Dielectric solved 0.6 GHz at 31 deg
magnetic 724 724 HH: Dielectric solved 0.6 GHz at 32 deg
magnetic 724 724 HH: Dielectric solved 0.6 GHz at 33 deg
magnetic 724 724 HH: Dielectric solved 0.6 GHz at 34 deg
magnetic 724 724 HH: Dielectric solved 0.6 GHz at 35 deg
magnetic 724 724 HH: Dielectric solved 0.6 GHz at 36 deg
magnetic 724 724 HH: Dielectric solved 0.6 GHz at 37 deg
magnetic 724 724 HH: Dielectric solved 0.6 GHz at 38 deg
magnetic 724 724 HH: Dielectric solved 0.6 GHz at 39 deg
magnetic 724 724 HH: Dielectric solved 0.6 GHz at 40 deg
magnetic 724 724 HH: Dielectric solved 0.6 GHz at 41 deg
magnetic 724 724 HH: Dielectric solved 0.6 GHz at 42 deg
magnetic 724 724 HH: Dielectric solved 0.6 GHz at 43 deg
magnetic 724 724 HH: Dielectric solved 0.6 GHz at 44 deg
magnetic 724 724 HH: Dielectric solved 0.6 GHz at 45 deg
magnetic 724 724 HH: Dielectric solved 0.6 GHz at 46 deg
magnetic 724 724 HH: Dielectric solved 0.6 GHz at 47 deg
magnetic 724 724 HH: Dielectric solved 0.6 GHz at 48 deg
magnetic 724 724 HH: Dielectric solved 0.6 GHz at 49 deg
magnetic 724 724 HH: Dielectric solved 0.6 GHz at 50 deg
magnetic 724 724 HH: Dielectric solved 0.6 GHz at 51 deg
magnetic 724 724 HH: Dielectric solved 0.6 GHz at 52 deg
magnetic 724 724 HH: Dielectric solved 0.6 GHz at 53 deg
magnetic 724 724 HH: Dielectric solved 0.6 GHz at 54 deg
magnetic 724 724 HH: Dielectric solved 0.6 GHz at 55 deg
magnetic 724 724 HH: Dielectric solved 0.6 GHz at 56 deg
magnetic 724 724 HH: Dielectric solved 0.6 GHz at 57 deg
magnetic 724 724 HH: Dielectric solved 0.6 GHz at 58 deg
magnetic 724 724 HH: Dielectric solved 0.6 GHz at 59 deg
magnetic 724 724 HH: Dielectric solved 0.6 GHz at 60 deg
magnetic 724 724 HH: Dielectric solved 0.6 GHz at 61 deg
magnetic 724 724 HH: Dielectric solved 0.6 GHz at 62 deg
magnetic 724 724 HH: Dielectric solved 0.6 GHz at 63 deg
magnetic 724 724 HH: Dielectric solved 0.6 GHz at 64 deg
magnetic 724 724 HH: Dielectric solved 0.6 GHz at 65 deg
magnetic 724 724 HH: Dielectric solved 0.6 GHz at 66 deg
magnetic 724 724 HH: Dielectric solved 0.6 GHz at 67 deg
magnetic 724 724 HH: Dielectric solved 0.6 GHz at 68 deg
magnetic 724 724 HH: Dielectric solved 0.6 GHz at 69 deg
magnetic 724 724 HH: Dielectric solved 0.6 GHz at 70 deg
magnetic 724 724 HH: Dielectric solved 0.6 GHz at 71 deg
magnetic 724 724 HH: Dielectric solved 0.6 GHz at 72 deg
magnetic 724 724 HH: Dielectric solved 0.6 GHz at 73 deg
magnetic 724 724 HH: Dielectric solved 0.6 GHz at 74 deg
magnetic 724 724 HH: Dielectric solved 0.6 GHz at 75 deg
magnetic 724 724 HH: Dielectric solved 0.6 GHz at 76 deg
magnetic 724 724 HH: Dielectric solved 0.6 GHz at 77 deg
magnetic 724 724 HH: Dielectric solved 0.6 GHz at 78 deg
magnetic 724 724 HH: Dielectric solved 0.6 GHz at 79 deg
magnetic 724 724 HH: Dielectric solved 0.6 GHz at 80 deg
magnetic 724 724 HH: Dielectric solved 0.6 GHz at 81 deg
magnetic 724 724 HH: Dielectric solved 0.6 GHz at 82 deg
magnetic 724 724 HH: Dielectric solved 0.6 GHz at 83 deg
magnetic 724 724 HH: Dielectric solved 0.6 GHz at 84 deg
magnetic 724 724 HH: Dielectric solved 0.6 GHz at 85 deg
magnetic 724 724 HH: Dielectric solved 0.6 GHz at 86 deg
magnetic 724 724 HH: Dielectric solved 0.6 GHz at 87 deg
magnetic 724 724 HH: Dielectric solved 0.6 GHz at 88 deg
magnetic 724 724 HH: Dielectric solved 0.6 GHz at 89 deg
magnetic 724 724 HH: Dielectric solved 0.6 GHz at 90 deg
magnetic 724 724 HH: Dielectric solved 0.6 GHz at 91 deg
magnetic 724 724 HH: Dielectric solved 0.6 GHz at 92 deg
magnetic 724 724 HH: Dielectric solved 0.6 GHz at 93 deg
magnetic 724 724 HH: Dielectric solved 0.6 GHz at 94 deg
magnetic 724 724 HH: Dielectric solved 0.6 GHz at 95 deg
magnetic 724 724 HH: Dielectric solved 0.6 GHz at 96 deg
magnetic 724 724 HH: Dielectric solved 0.6 GHz at 97 deg
magnetic 724 724 HH: Dielectric solved 0.6 GHz at 98 deg
magnetic 724 724 HH: Dielectric solved 0.6 GHz at 99 deg
magnetic 724 724 HH: Dielectric solved 0.6 GHz at 100 deg
magnetic 724 724 HH: Dielectric solved 0.6 GHz at 101 deg
magnetic 724 724 HH: Dielectric solved 0.6 GHz at 102 deg
magnetic 724 724 HH: Dielectric solved 0.6 GHz at 103 deg
magnetic 724 724 HH: Dielectric solved 0.6 GHz at 104 deg
magnetic 724 724 HH: Dielectric solved 0.6 GHz at 105 deg
magnetic 724 724 HH: Dielectric solved 0.6 GHz at 106 deg
magnetic 724 724 HH: Dielectric solved 0.6 GHz at 107 deg
magnetic 724 724 HH: Dielectric solved 0.6 GHz at 108 deg
magnetic 724 724 HH: Dielectric solved 0.6 GHz at 109 deg
magnetic 724 724 HH: Dielectric solved 0.6 GHz at 110 deg
magnetic 724 724 HH: Dielectric solved 0.6 GHz at 111 deg
magnetic 724 724 HH: Dielectric solved 0.6 GHz at 112 deg
magnetic 724 724 HH: Dielectric solved 0.6 GHz at 113 deg
magnetic 724 724 HH: Dielectric solved 0.6 GHz at 114 deg
magnetic 724 724 HH: Dielectric solved 0.6 GHz at 115 deg
magnetic 724 724 HH: Dielectric solved 0.6 GHz at 116 deg
magnetic 724 724 HH: Dielectric solved 0.6 GHz at 117 deg
magnetic 724 724 HH: Dielectric solved 0.6 GHz at 118 deg
magnetic 724 724 HH: Dielectric solved 0.6 GHz at 119 deg
magnetic 724 724 HH: Dielectric solved 0.6 GHz at 120 deg
magnetic 724 724 HH: Dielectric solved 0.6 GHz at 121 deg
magnetic 724 724 HH: Dielectric solved 0.6 GHz at 122 deg
magnetic 724 724 HH: Dielectric solved 0.6 GHz at 123 deg
magnetic 724 724 HH: Dielectric solved 0.6 GHz at 124 deg
magnetic 724 724 HH: Dielectric solved 0.6 GHz at 125 deg
magnetic 724 724 HH: Dielectric solved 0.6 GHz at 126 deg
magnetic 724 724 HH: Dielectric solved 0.6 GHz at 127 deg
magnetic 724 724 HH: Dielectric solved 0.6 GHz at 128 deg
magnetic 724 724 HH: Dielectric solved 0.6 GHz at 129 deg
magnetic 724 724 HH: Dielectric solved 0.6 GHz at 130 deg
magnetic 724 724 HH: Dielectric solved 0.6 GHz at 131 deg
magnetic 724 724 HH: Dielectric solved 0.6 GHz at 132 deg
magnetic 724 724 HH: Dielectric solved 0.6 GHz at 133 deg
magnetic 724 724 HH: Dielectric solved 0.6 GHz at 134 deg
magnetic 724 724 HH: Dielectric solved 0.6 GHz at 135 deg
magnetic 724 724 HH: Dielectric solved 0.6 GHz at 136 deg
magnetic 724 724 HH: Dielectric solved 0.6 GHz at 137 deg
magnetic 724 724 HH: Dielectric solved 0.6 GHz at 138 deg
magnetic 724 724 HH: Dielectric solved 0.6 GHz at 139 deg
magnetic 724 724 HH: Dielectric solved 0.6 GHz at 140 deg
magnetic 724 724 HH: Dielectric solved 0.6 GHz at 141 deg
magnetic 724 724 HH: Dielectric solved 0.6 GHz at 142 deg
magnetic 724 724 HH: Dielectric solved 0.6 GHz at 143 deg
magnetic 724 724 HH: Dielectric solved 0.6 GHz at 144 deg
magnetic 724 724 HH: Dielectric solved 0.6 GHz at 145 deg
magnetic 724 724 HH: Dielectric solved 0.6 GHz at 146 deg
magnetic 724 724 HH: Dielectric solved 0.6 GHz at 147 deg
magnetic 724 724 HH: Dielectric solved 0.6 GHz at 148 deg
magnetic 724 724 HH: Dielectric solved 0.6 GHz at 149 deg
magnetic 724 724 HH: Dielectric solved 0.6 GHz at 150 deg
magnetic 724 724 HH: Dielectric solved 0.6 GHz at 151 deg
magnetic 724 724 HH: Dielectric solved 0.6 GHz at 152 deg
magnetic 724 724 HH: Dielectric solved 0.6 GHz at 153 deg
magnetic 724 724 HH: Dielectric solved 0.6 GHz at 154 deg
magnetic 724 724 HH: Dielectric solved 0.6 GHz at 155 deg
magnetic 724 724 HH: Dielectric solved 0.6 GHz at 156 deg
magnetic 724 724 HH: Dielectric solved 0.6 GHz at 157 deg
magnetic 724 724 HH: Dielectric solved 0.6 GHz at 158 deg
magnetic 724 724 HH: Dielectric solved 0.6 GHz at 159 deg
magnetic 724 724 HH: Dielectric solved 0.6 GHz at 160 deg
magnetic 724 724 HH: Dielectric solved 0.6 GHz at 161 deg
magnetic 724 724 HH: Dielectric solved 0.6 GHz at 162 deg
magnetic 724 724 HH: Dielectric solved 0.6 GHz at 163 deg
magnetic 724 724 HH: Dielectric solved 0.6 GHz at 164 deg
magnetic 724 724 HH: Dielectric solved 0.6 GHz at 165 deg
magnetic 724 724 HH: Dielectric solved 0.6 GHz at 166 deg
magnetic 724 724 HH: Dielectric solved 0.6 GHz at 167 deg
magnetic 724 724 HH: Dielectric solved 0.6 GHz at 168 deg
magnetic 724 724 HH: Dielectric solved 0.6 GHz at 169 deg
magnetic 724 724 HH: Dielectric solved 0.6 GHz at 170 deg
magnetic 724 724 HH: Dielectric solved 0.6 GHz at 171 deg
magnetic 724 724 HH: Dielectric solved 0.6 GHz at 172 deg
magnetic 724 724 HH: Dielectric solved 0.6 GHz at 173 deg
magnetic 724 724 HH: Dielectric solved 0.6 GHz at 174 deg
magnetic 724 724 HH: Dielectric solved 0.6 GHz at 175 deg
magnetic 724 724 HH: Dielectric solved 0.6 GHz at 176 deg
magnetic 724 724 HH: Dielectric solved 0.6 GHz at 177 deg
magnetic 724 724 HH: Dielectric solved 0.6 GHz at 178 deg
magnetic 724 724 HH: Dielectric solved 0.6 GHz at 179 deg
magnetic 724 724 HH: Dielectric solved 0.6 GHz at 180 deg
magnetic 724 724 HH: Dielectric solved 0.6 GHz at 181 deg
magnetic 724 724 HH: Dielectric solved 0.6 GHz at 182 deg
magnetic 724 724 HH: Dielectric solved 0.6 GHz at 183 deg
magnetic 724 724 HH: Dielectric solved 0.6 GHz at 184 deg
magnetic 724 724 HH: Dielectric solved 0.6 GHz at 185 deg
magnetic 724 724 HH: Dielectric solved 0.6 GHz at 186 deg
magnetic 724 724 HH: Dielectric solved 0.6 GHz at 187 deg
magnetic 724 724 HH: Dielectric solved 0.6 GHz at 188 deg
magnetic 724 724 HH: Dielectric solved 0.6 GHz at 189 deg
magnetic 724 724 HH: Dielectric solved 0.6 GHz at 190 deg
magnetic 724 724 HH: Dielectric solved 0.6 GHz at 191 deg
magnetic 724 724 HH: Dielectric solved 0.6 GHz at 192 deg
magnetic 724 724 HH: Dielectric solved 0.6 GHz at 193 deg
magnetic 724 724 HH: Dielectric solved 0.6 GHz at 194 deg
magnetic 724 724 HH: Dielectric solved 0.6 GHz at 195 deg
magnetic 724 724 HH: Dielectric solved 0.6 GHz at 196 deg
magnetic 724 724 HH: Dielectric solved 0.6 GHz at 197 deg
magnetic 724 724 HH: Dielectric solved 0.6 GHz at 198 deg
magnetic 724 724 HH: Dielectric solved 0.6 GHz at 199 deg
magnetic 724 724 HH: Dielectric solved 0.6 GHz at 200 deg
magnetic 724 724 HH: Dielectric solved 0.6 GHz at 201 deg
magnetic 724 724 HH: Dielectric solved 0.6 GHz at 202 deg
magnetic 724 724 HH: Dielectric solved 0.6 GHz at 203 deg
magnetic 724 724 HH: Dielectric solved 0.6 GHz at 204 deg
magnetic 724 724 HH: Dielectric solved 0.6 GHz at 205 deg
magnetic 724 724 HH: Dielectric solved 0.6 GHz at 206 deg
magnetic 724 724 HH: Dielectric solved 0.6 GHz at 207 deg
magnetic 724 724 HH: Dielectric solved 0.6 GHz at 208 deg
magnetic 724 724 HH: Dielectric solved 0.6 GHz at 209 deg
magnetic 724 724 HH: Dielectric solved 0.6 GHz at 210 deg
magnetic 724 724 HH: Dielectric solved 0.6 GHz at 211 deg
magnetic 724 724 HH: Dielectric solved 0.6 GHz at 212 deg
magnetic 724 724 HH: Dielectric solved 0.6 GHz at 213 deg
magnetic 724 724 HH: Dielectric solved 0.6 GHz at 214 deg
magnetic 724 724 HH: Dielectric solved 0.6 GHz at 215 deg
magnetic 724 724 HH: Dielectric solved 0.6 GHz at 216 deg
magnetic 724 724 HH: Dielectric solved 0.6 GHz at 217 deg
magnetic 724 724 HH: Dielectric solved 0.6 GHz at 218 deg
magnetic 724 724 HH: Dielectric solved 0.6 GHz at 219 deg
magnetic 724 724 HH: Dielectric solved 0.6 GHz at 220 deg
magnetic 724 724 HH: Dielectric solved 0.6 GHz at 221 deg
magnetic 724 724 HH: Dielectric solved 0.6 GHz at 222 deg
magnetic 724 724 HH: Dielectric solved 0.6 GHz at 223 deg
magnetic 724 724 HH: Dielectric solved 0.6 GHz at 224 deg
magnetic 724 724 HH: Dielectric solved 0.6 GHz at 225 deg
magnetic 724 724 HH: Dielectric solved 0.6 GHz at 226 deg
magnetic 724 724 HH: Dielectric solved 0.6 GHz at 227 deg
magnetic 724 724 HH: Dielectric solved 0.6 GHz at 228 deg
magnetic 724 724 HH: Dielectric solved 0.6 GHz at 229 deg
magnetic 724 724 HH: Dielectric solved 0.6 GHz at 230 deg
magnetic 724 724 HH: Dielectric solved 0.6 GHz at 231 deg
magnetic 724 724 HH: Dielectric solved 0.6 GHz at 232 deg
magnetic 724 724 HH: Dielectric solved 0.6 GHz at 233 deg
magnetic 724 724 HH: Dielectric solved 0.6 GHz at 234 deg
magnetic 724 724 HH: Dielectric solved 0.6 GHz at 235 deg
magnetic 724 724 HH: Dielectric solved 0.6 GHz at 236 deg
magnetic 724 724 HH: Dielectric solved 0.6 GHz at 237 deg
magnetic 724 724 HH: Dielectric solved 0.6 GHz at 238 deg
magnetic 724 724 HH: Dielectric solved 0.6 GHz at 239 deg
magnetic 724 724 HH: Dielectric solved 0.6 GHz at 240 deg
magnetic 724 724 HH: Dielectric solved 0.6 GHz at 241 deg
magnetic 724 724 HH: Dielectric solved 0.6 GHz at 242 deg
magnetic 724 724 HH: Dielectric solved 0.6 GHz at 243 deg
magnetic 724 724 HH: Dielectric solved 0.6 GHz at 244 deg
magnetic 724 724 HH: Dielectric solved 0.6 GHz at 245 deg
magnetic 724 724 HH: Dielectric solved 0.6 GHz at 246 deg
magnetic 724 724 HH: Dielectric solved 0.6 GHz at 247 deg
magnetic 724 724 HH: Dielectric solved 0.6 GHz at 248 deg
magnetic 724 724 HH: Dielectric solved 0.6 GHz at 249 deg
magnetic 724 724 HH: Dielectric solved 0.6 GHz at 250 deg
magnetic 724 724 HH: Dielectric solved 0.6 GHz at 251 deg
magnetic 724 724 HH: Dielectric solved 0.6 GHz at 252 deg
magnetic 724 724 HH: Dielectric solved 0.6 GHz at 253 deg
magnetic 724 724 HH: Dielectric solved 0.6 GHz at 254 deg
magnetic 724 724 HH: Dielectric solved 0.6 GHz at 255 deg
magnetic 724 724 HH: Dielectric solved 0.6 GHz at 256 deg
magnetic 724 724 HH: Dielectric solved 0.6 GHz at 257 deg
magnetic 724 724 HH: Dielectric solved 0.6 GHz at 258 deg
magnetic 724 724 HH: Dielectric solved 0.6 GHz at 259 deg
magnetic 724 724 HH: Dielectric solved 0.6 GHz at 260 deg
magnetic 724 724 HH: Dielectric solved 0.6 GHz at 261 deg
magnetic 724 724 HH: Dielectric solved 0.6 GHz at 262 deg
magnetic 724 724 HH: Dielectric solved 0.6 GHz at 263 deg
magnetic 724 724 HH: Dielectric solved 0.6 GHz at 264 deg
magnetic 724 724 HH: Dielectric solved 0.6 GHz at 265 deg
magnetic 724 724 HH: Dielectric solved 0.6 GHz at 266 deg
magnetic 724 724 HH: Dielectric solved 0.6 GHz at 267 deg
magnetic 724 724 HH: Dielectric solved 0.6 GHz at 268 deg
magnetic 724 724 HH: Dielectric solved 0.6 GHz at 269 deg
magnetic 724 724 HH: Dielectric solved 0.6 GHz at 270 deg
magnetic 724 724 HH: Dielectric solved 0.6 GHz at 271 deg
magnetic 724 724 HH: Dielectric solved 0.6 GHz at 272 deg
magnetic 724 724 HH: Dielectric solved 0.6 GHz at 273 deg
magnetic 724 724 HH: Dielectric solved 0.6 GHz at 274 deg
magnetic 724 724 HH: Dielectric solved 0.6 GHz at 275 deg
magnetic 724 724 HH: Dielectric solved 0.6 GHz at 276 deg
magnetic 724 724 HH: Dielectric solved 0.6 GHz at 277 deg
magnetic 724 724 HH: Dielectric solved 0.6 GHz at 278 deg
magnetic 724 724 HH: Dielectric solved 0.6 GHz at 279 deg
magnetic 724 724 HH: Dielectric solved 0.6 GHz at 280 deg
magnetic 724 724 HH: Dielectric solved 0.6 GHz at 281 deg
magnetic 724 724 HH: Dielectric solved 0.6 GHz at 282 deg
magnetic 724 724 HH: Dielectric solved 0.6 GHz at 283 deg
magnetic 724 724 HH: Dielectric solved 0.6 GHz at 284 deg
magnetic 724 724 HH: Dielectric solved 0.6 GHz at 285 deg
magnetic 724 724 HH: Dielectric solved 0.6 GHz at 286 deg
magnetic 724 724 HH: Dielectric solved 0.6 GHz at 287 deg
magnetic 724 724 HH: Dielectric solved 0.6 GHz at 288 deg
magnetic 724 724 HH: Dielectric solved 0.6 GHz at 289 deg
magnetic 724 724 HH: Dielectric solved 0.6 GHz at 290 deg
magnetic 724 724 HH: Dielectric solved 0.6 GHz at 291 deg
magnetic 724 724 HH: Dielectric solved 0.6 GHz at 292 deg
magnetic 724 724 HH: Dielectric solved 0.6 GHz at 293 deg
magnetic 724 724 HH: Dielectric solved 0.6 GHz at 294 deg
magnetic 724 724 HH: Dielectric solved 0.6 GHz at 295 deg
magnetic 724 724 HH: Dielectric solved 0.6 GHz at 296 deg
magnetic 724 724 HH: Dielectric solved 0.6 GHz at 297 deg
magnetic 724 724 HH: Dielectric solved 0.6 GHz at 298 deg
magnetic 724 724 HH: Dielectric solved 0.6 GHz at 299 deg
magnetic 724 724 HH: Dielectric solved 0.6 GHz at 300 deg
magnetic 724 724 HH: Dielectric solved 0.6 GHz at 301 deg
magnetic 724 724 HH: Dielectric solved 0.6 GHz at 302 deg
magnetic 724 724 HH: Dielectric solved 0.6 GHz at 303 deg
magnetic 724 724 HH: Dielectric solved 0.6 GHz at 304 deg
magnetic 724 724 HH: Dielectric solved 0.6 GHz at 305 deg
magnetic 724 724 HH: Dielectric solved 0.6 GHz at 306 deg
magnetic 724 724 HH: Dielectric solved 0.6 GHz at 307 deg
magnetic 724 724 HH: Dielectric solved 0.6 GHz at 308 deg
magnetic 724 724 HH: Dielectric solved 0.6 GHz at 309 deg
magnetic 724 724 HH: Dielectric solved 0.6 GHz at 310 deg
magnetic 724 724 HH: Dielectric solved 0.6 GHz at 311 deg
magnetic 724 724 HH: Dielectric solved 0.6 GHz at 312 deg
magnetic 724 724 HH: Dielectric solved 0.6 GHz at 313 deg
magnetic 724 724 HH: Dielectric solved 0.6 GHz at 314 deg
magnetic 724 724 HH: Dielectric solved 0.6 GHz at 315 deg
magnetic 724 724 HH: Dielectric solved 0.6 GHz at 316 deg
magnetic 724 724 HH: Dielectric solved 0.6 GHz at 317 deg
magnetic 724 724 HH: Dielectric solved 0.6 GHz at 318 deg
magnetic 724 724 HH: Dielectric solved 0.6 GHz at 319 deg
magnetic 724 724 HH: Dielectric solved 0.6 GHz at 320 deg
magnetic 724 724 HH: Dielectric solved 0.6 GHz at 321 deg
magnetic 724 724 HH: Dielectric solved 0.6 GHz at 322 deg
magnetic 724 724 HH: Dielectric solved 0.6 GHz at 323 deg
magnetic 724 724 HH: Dielectric solved 0.6 GHz at 324 deg
magnetic 724 724 HH: Dielectric solved 0.6 GHz at 325 deg
magnetic 724 724 HH: Dielectric solved 0.6 GHz at 326 deg
magnetic 724 724 HH: Dielectric solved 0.6 GHz at 327 deg
magnetic 724 724 HH: Dielectric solved 0.6 GHz at 328 deg
magnetic 724 724 HH: Dielectric solved 0.6 GHz at 329 deg
magnetic 724 724 HH: Dielectric solved 0.6 GHz at 330 deg
magnetic 724 724 HH: Dielectric solved 0.6 GHz at 331 deg
magnetic 724 724 HH: Dielectric solved 0.6 GHz at 332 deg
magnetic 724 724 HH: Dielectric solved 0.6 GHz at 333 deg
magnetic 724 724 HH: Dielectric solved 0.6 GHz at 334 deg
magnetic 724 724 HH: Dielectric solved 0.6 GHz at 335 deg
magnetic 724 724 HH: Dielectric solved 0.6 GHz at 336 deg
magnetic 724 724 HH: Dielectric solved 0.6 GHz at 337 deg
magnetic 724 724 HH: Dielectric solved 0.6 GHz at 338 deg
magnetic 724 724 HH: Dielectric solved 0.6 GHz at 339 deg
magnetic 724 724 HH: Dielectric solved 0.6 GHz at 340 deg
magnetic 724 724 HH: Dielectric solved 0.6 GHz at 341 deg
magnetic 724 724 HH: Dielectric solved 0.6 GHz at 342 deg
magnetic 724 724 HH: Dielectric solved 0.6 GHz at 343 deg
magnetic 724 724 HH: Dielectric solved 0.6 GHz at 344 deg
magnetic 724 724 HH: Dielectric solved 0.6 GHz at 345 deg
magnetic 724 724 HH: Dielectric solved 0.6 GHz at 346 deg
magnetic 724 724 HH: Dielectric solved 0.6 GHz at 347 deg
magnetic 724 724 HH: Dielectric solved 0.6 GHz at 348 deg
magnetic 724 724 HH: Dielectric solved 0.6 GHz at 349 deg
magnetic 724 724 HH: Dielectric solved 0.6 GHz at 350 deg
magnetic 724 724 HH: Dielectric solved 0.6 GHz at 351 deg
magnetic 724 724 HH: Dielectric solved 0.6 GHz at 352 deg
magnetic 724 724 HH: Dielectric solved 0.6 GHz at 353 deg
magnetic 724 724 HH: Dielectric solved 0.6 GHz at 354 deg
magnetic 724 724 HH: Dielectric solved 0.6 GHz at 355 deg
magnetic 724 724 HH: Dielectric solved 0.6 GHz at 356 deg
magnetic 724 724 HH: Dielectric solved 0.6 GHz at 357 deg
magnetic 724 724 HH: Dielectric solved 0.6 GHz at 358 deg
magnetic 724 724 HH: Dielectric solved 0.6 GHz at 359 deg
magnetic 724 724 HH: Dielectric solved 0.6 GHz at 360 deg
magnetic 5.263568999998824 True 
coated 0 724 VV: Initializing solver
coated 724 724 HH: Experimental CPU: solved 361 of 361 angles at 0.6 GHz
coated 724 724 HH: Multi-region solved 0.6 GHz at 0 deg
coated 724 724 HH: Multi-region solved 0.6 GHz at 1 deg
coated 724 724 HH: Multi-region solved 0.6 GHz at 2 deg
coated 724 724 HH: Multi-region solved 0.6 GHz at 3 deg
coated 724 724 HH: Multi-region solved 0.6 GHz at 4 deg
coated 724 724 HH: Multi-region solved 0.6 GHz at 5 deg
coated 724 724 HH: Multi-region solved 0.6 GHz at 6 deg
coated 724 724 HH: Multi-region solved 0.6 GHz at 7 deg
coated 724 724 HH: Multi-region solved 0.6 GHz at 8 deg
coated 724 724 HH: Multi-region solved 0.6 GHz at 9 deg
coated 724 724 HH: Multi-region solved 0.6 GHz at 10 deg
coated 724 724 HH: Multi-region solved 0.6 GHz at 11 deg
coated 724 724 HH: Multi-region solved 0.6 GHz at 12 deg
coated 724 724 HH: Multi-region solved 0.6 GHz at 13 deg
coated 724 724 HH: Multi-region solved 0.6 GHz at 14 deg
coated 724 724 HH: Multi-region solved 0.6 GHz at 15 deg
coated 724 724 HH: Multi-region solved 0.6 GHz at 16 deg
coated 724 724 HH: Multi-region solved 0.6 GHz at 17 deg
coated 724 724 HH: Multi-region solved 0.6 GHz at 18 deg
coated 724 724 HH: Multi-region solved 0.6 GHz at 19 deg
coated 724 724 HH: Multi-region solved 0.6 GHz at 20 deg
coated 724 724 HH: Multi-region solved 0.6 GHz at 21 deg
coated 724 724 HH: Multi-region solved 0.6 GHz at 22 deg
coated 724 724 HH: Multi-region solved 0.6 GHz at 23 deg
coated 724 724 HH: Multi-region solved 0.6 GHz at 24 deg
coated 724 724 HH: Multi-region solved 0.6 GHz at 25 deg
coated 724 724 HH: Multi-region solved 0.6 GHz at 26 deg
coated 724 724 HH: Multi-region solved 0.6 GHz at 27 deg
coated 724 724 HH: Multi-region solved 0.6 GHz at 28 deg
coated 724 724 HH: Multi-region solved 0.6 GHz at 29 deg
coated 724 724 HH: Multi-region solved 0.6 GHz at 30 deg
coated 724 724 HH: Multi-region solved 0.6 GHz at 31 deg
coated 724 724 HH: Multi-region solved 0.6 GHz at 32 deg
coated 724 724 HH: Multi-region solved 0.6 GHz at 33 deg
coated 724 724 HH: Multi-region solved 0.6 GHz at 34 deg
coated 724 724 HH: Multi-region solved 0.6 GHz at 35 deg
coated 724 724 HH: Multi-region solved 0.6 GHz at 36 deg
coated 724 724 HH: Multi-region solved 0.6 GHz at 37 deg
coated 724 724 HH: Multi-region solved 0.6 GHz at 38 deg
coated 724 724 HH: Multi-region solved 0.6 GHz at 39 deg
coated 724 724 HH: Multi-region solved 0.6 GHz at 40 deg
coated 724 724 HH: Multi-region solved 0.6 GHz at 41 deg
coated 724 724 HH: Multi-region solved 0.6 GHz at 42 deg
coated 724 724 HH: Multi-region solved 0.6 GHz at 43 deg
coated 724 724 HH: Multi-region solved 0.6 GHz at 44 deg
coated 724 724 HH: Multi-region solved 0.6 GHz at 45 deg
coated 724 724 HH: Multi-region solved 0.6 GHz at 46 deg
coated 724 724 HH: Multi-region solved 0.6 GHz at 47 deg
coated 724 724 HH: Multi-region solved 0.6 GHz at 48 deg
coated 724 724 HH: Multi-region solved 0.6 GHz at 49 deg
coated 724 724 HH: Multi-region solved 0.6 GHz at 50 deg
coated 724 724 HH: Multi-region solved 0.6 GHz at 51 deg
coated 724 724 HH: Multi-region solved 0.6 GHz at 52 deg
coated 724 724 HH: Multi-region solved 0.6 GHz at 53 deg
coated 724 724 HH: Multi-region solved 0.6 GHz at 54 deg
coated 724 724 HH: Multi-region solved 0.6 GHz at 55 deg
coated 724 724 HH: Multi-region solved 0.6 GHz at 56 deg
coated 724 724 HH: Multi-region solved 0.6 GHz at 57 deg
coated 724 724 HH: Multi-region solved 0.6 GHz at 58 deg
coated 724 724 HH: Multi-region solved 0.6 GHz at 59 deg
coated 724 724 HH: Multi-region solved 0.6 GHz at 60 deg
coated 724 724 HH: Multi-region solved 0.6 GHz at 61 deg
coated 724 724 HH: Multi-region solved 0.6 GHz at 62 deg
coated 724 724 HH: Multi-region solved 0.6 GHz at 63 deg
coated 724 724 HH: Multi-region solved 0.6 GHz at 64 deg
coated 724 724 HH: Multi-region solved 0.6 GHz at 65 deg
coated 724 724 HH: Multi-region solved 0.6 GHz at 66 deg
coated 724 724 HH: Multi-region solved 0.6 GHz at 67 deg
coated 724 724 HH: Multi-region solved 0.6 GHz at 68 deg
coated 724 724 HH: Multi-region solved 0.6 GHz at 69 deg
coated 724 724 HH: Multi-region solved 0.6 GHz at 70 deg
coated 724 724 HH: Multi-region solved 0.6 GHz at 71 deg
coated 724 724 HH: Multi-region solved 0.6 GHz at 72 deg
coated 724 724 HH: Multi-region solved 0.6 GHz at 73 deg
coated 724 724 HH: Multi-region solved 0.6 GHz at 74 deg
coated 724 724 HH: Multi-region solved 0.6 GHz at 75 deg
coated 724 724 HH: Multi-region solved 0.6 GHz at 76 deg
coated 724 724 HH: Multi-region solved 0.6 GHz at 77 deg
coated 724 724 HH: Multi-region solved 0.6 GHz at 78 deg
coated 724 724 HH: Multi-region solved 0.6 GHz at 79 deg
coated 724 724 HH: Multi-region solved 0.6 GHz at 80 deg
coated 724 724 HH: Multi-region solved 0.6 GHz at 81 deg
coated 724 724 HH: Multi-region solved 0.6 GHz at 82 deg
coated 724 724 HH: Multi-region solved 0.6 GHz at 83 deg
coated 724 724 HH: Multi-region solved 0.6 GHz at 84 deg
coated 724 724 HH: Multi-region solved 0.6 GHz at 85 deg
coated 724 724 HH: Multi-region solved 0.6 GHz at 86 deg
coated 724 724 HH: Multi-region solved 0.6 GHz at 87 deg
coated 724 724 HH: Multi-region solved 0.6 GHz at 88 deg
coated 724 724 HH: Multi-region solved 0.6 GHz at 89 deg
coated 724 724 HH: Multi-region solved 0.6 GHz at 90 deg
coated 724 724 HH: Multi-region solved 0.6 GHz at 91 deg
coated 724 724 HH: Multi-region solved 0.6 GHz at 92 deg
coated 724 724 HH: Multi-region solved 0.6 GHz at 93 deg
coated 724 724 HH: Multi-region solved 0.6 GHz at 94 deg
coated 724 724 HH: Multi-region solved 0.6 GHz at 95 deg
coated 724 724 HH: Multi-region solved 0.6 GHz at 96 deg
coated 724 724 HH: Multi-region solved 0.6 GHz at 97 deg
coated 724 724 HH: Multi-region solved 0.6 GHz at 98 deg
coated 724 724 HH: Multi-region solved 0.6 GHz at 99 deg
coated 724 724 HH: Multi-region solved 0.6 GHz at 100 deg
coated 724 724 HH: Multi-region solved 0.6 GHz at 101 deg
coated 724 724 HH: Multi-region solved 0.6 GHz at 102 deg
coated 724 724 HH: Multi-region solved 0.6 GHz at 103 deg
coated 724 724 HH: Multi-region solved 0.6 GHz at 104 deg
coated 724 724 HH: Multi-region solved 0.6 GHz at 105 deg
coated 724 724 HH: Multi-region solved 0.6 GHz at 106 deg
coated 724 724 HH: Multi-region solved 0.6 GHz at 107 deg
coated 724 724 HH: Multi-region solved 0.6 GHz at 108 deg
coated 724 724 HH: Multi-region solved 0.6 GHz at 109 deg
coated 724 724 HH: Multi-region solved 0.6 GHz at 110 deg
coated 724 724 HH: Multi-region solved 0.6 GHz at 111 deg
coated 724 724 HH: Multi-region solved 0.6 GHz at 112 deg
coated 724 724 HH: Multi-region solved 0.6 GHz at 113 deg
coated 724 724 HH: Multi-region solved 0.6 GHz at 114 deg
coated 724 724 HH: Multi-region solved 0.6 GHz at 115 deg
coated 724 724 HH: Multi-region solved 0.6 GHz at 116 deg
coated 724 724 HH: Multi-region solved 0.6 GHz at 117 deg
coated 724 724 HH: Multi-region solved 0.6 GHz at 118 deg
coated 724 724 HH: Multi-region solved 0.6 GHz at 119 deg
coated 724 724 HH: Multi-region solved 0.6 GHz at 120 deg
coated 724 724 HH: Multi-region solved 0.6 GHz at 121 deg
coated 724 724 HH: Multi-region solved 0.6 GHz at 122 deg
coated 724 724 HH: Multi-region solved 0.6 GHz at 123 deg
coated 724 724 HH: Multi-region solved 0.6 GHz at 124 deg
coated 724 724 HH: Multi-region solved 0.6 GHz at 125 deg
coated 724 724 HH: Multi-region solved 0.6 GHz at 126 deg
coated 724 724 HH: Multi-region solved 0.6 GHz at 127 deg
coated 724 724 HH: Multi-region solved 0.6 GHz at 128 deg
coated 724 724 HH: Multi-region solved 0.6 GHz at 129 deg
coated 724 724 HH: Multi-region solved 0.6 GHz at 130 deg
coated 724 724 HH: Multi-region solved 0.6 GHz at 131 deg
coated 724 724 HH: Multi-region solved 0.6 GHz at 132 deg
coated 724 724 HH: Multi-region solved 0.6 GHz at 133 deg
coated 724 724 HH: Multi-region solved 0.6 GHz at 134 deg
coated 724 724 HH: Multi-region solved 0.6 GHz at 135 deg
coated 724 724 HH: Multi-region solved 0.6 GHz at 136 deg
coated 724 724 HH: Multi-region solved 0.6 GHz at 137 deg
coated 724 724 HH: Multi-region solved 0.6 GHz at 138 deg
coated 724 724 HH: Multi-region solved 0.6 GHz at 139 deg
coated 724 724 HH: Multi-region solved 0.6 GHz at 140 deg
coated 724 724 HH: Multi-region solved 0.6 GHz at 141 deg
coated 724 724 HH: Multi-region solved 0.6 GHz at 142 deg
coated 724 724 HH: Multi-region solved 0.6 GHz at 143 deg
coated 724 724 HH: Multi-region solved 0.6 GHz at 144 deg
coated 724 724 HH: Multi-region solved 0.6 GHz at 145 deg
coated 724 724 HH: Multi-region solved 0.6 GHz at 146 deg
coated 724 724 HH: Multi-region solved 0.6 GHz at 147 deg
coated 724 724 HH: Multi-region solved 0.6 GHz at 148 deg
coated 724 724 HH: Multi-region solved 0.6 GHz at 149 deg
coated 724 724 HH: Multi-region solved 0.6 GHz at 150 deg
coated 724 724 HH: Multi-region solved 0.6 GHz at 151 deg
coated 724 724 HH: Multi-region solved 0.6 GHz at 152 deg
coated 724 724 HH: Multi-region solved 0.6 GHz at 153 deg
coated 724 724 HH: Multi-region solved 0.6 GHz at 154 deg
coated 724 724 HH: Multi-region solved 0.6 GHz at 155 deg
coated 724 724 HH: Multi-region solved 0.6 GHz at 156 deg
coated 724 724 HH: Multi-region solved 0.6 GHz at 157 deg
coated 724 724 HH: Multi-region solved 0.6 GHz at 158 deg
coated 724 724 HH: Multi-region solved 0.6 GHz at 159 deg
coated 724 724 HH: Multi-region solved 0.6 GHz at 160 deg
coated 724 724 HH: Multi-region solved 0.6 GHz at 161 deg
coated 724 724 HH: Multi-region solved 0.6 GHz at 162 deg
coated 724 724 HH: Multi-region solved 0.6 GHz at 163 deg
coated 724 724 HH: Multi-region solved 0.6 GHz at 164 deg
coated 724 724 HH: Multi-region solved 0.6 GHz at 165 deg
coated 724 724 HH: Multi-region solved 0.6 GHz at 166 deg
coated 724 724 HH: Multi-region solved 0.6 GHz at 167 deg
coated 724 724 HH: Multi-region solved 0.6 GHz at 168 deg
coated 724 724 HH: Multi-region solved 0.6 GHz at 169 deg
coated 724 724 HH: Multi-region solved 0.6 GHz at 170 deg
coated 724 724 HH: Multi-region solved 0.6 GHz at 171 deg
coated 724 724 HH: Multi-region solved 0.6 GHz at 172 deg
coated 724 724 HH: Multi-region solved 0.6 GHz at 173 deg
coated 724 724 HH: Multi-region solved 0.6 GHz at 174 deg
coated 724 724 HH: Multi-region solved 0.6 GHz at 175 deg
coated 724 724 HH: Multi-region solved 0.6 GHz at 176 deg
coated 724 724 HH: Multi-region solved 0.6 GHz at 177 deg
coated 724 724 HH: Multi-region solved 0.6 GHz at 178 deg
coated 724 724 HH: Multi-region solved 0.6 GHz at 179 deg
coated 724 724 HH: Multi-region solved 0.6 GHz at 180 deg
coated 724 724 HH: Multi-region solved 0.6 GHz at 181 deg
coated 724 724 HH: Multi-region solved 0.6 GHz at 182 deg
coated 724 724 HH: Multi-region solved 0.6 GHz at 183 deg
coated 724 724 HH: Multi-region solved 0.6 GHz at 184 deg
coated 724 724 HH: Multi-region solved 0.6 GHz at 185 deg
coated 724 724 HH: Multi-region solved 0.6 GHz at 186 deg
coated 724 724 HH: Multi-region solved 0.6 GHz at 187 deg
coated 724 724 HH: Multi-region solved 0.6 GHz at 188 deg
coated 724 724 HH: Multi-region solved 0.6 GHz at 189 deg
coated 724 724 HH: Multi-region solved 0.6 GHz at 190 deg
coated 724 724 HH: Multi-region solved 0.6 GHz at 191 deg
coated 724 724 HH: Multi-region solved 0.6 GHz at 192 deg
coated 724 724 HH: Multi-region solved 0.6 GHz at 193 deg
coated 724 724 HH: Multi-region solved 0.6 GHz at 194 deg
coated 724 724 HH: Multi-region solved 0.6 GHz at 195 deg
coated 724 724 HH: Multi-region solved 0.6 GHz at 196 deg
coated 724 724 HH: Multi-region solved 0.6 GHz at 197 deg
coated 724 724 HH: Multi-region solved 0.6 GHz at 198 deg
coated 724 724 HH: Multi-region solved 0.6 GHz at 199 deg
coated 724 724 HH: Multi-region solved 0.6 GHz at 200 deg
coated 724 724 HH: Multi-region solved 0.6 GHz at 201 deg
coated 724 724 HH: Multi-region solved 0.6 GHz at 202 deg
coated 724 724 HH: Multi-region solved 0.6 GHz at 203 deg
coated 724 724 HH: Multi-region solved 0.6 GHz at 204 deg
coated 724 724 HH: Multi-region solved 0.6 GHz at 205 deg
coated 724 724 HH: Multi-region solved 0.6 GHz at 206 deg
coated 724 724 HH: Multi-region solved 0.6 GHz at 207 deg
coated 724 724 HH: Multi-region solved 0.6 GHz at 208 deg
coated 724 724 HH: Multi-region solved 0.6 GHz at 209 deg
coated 724 724 HH: Multi-region solved 0.6 GHz at 210 deg
coated 724 724 HH: Multi-region solved 0.6 GHz at 211 deg
coated 724 724 HH: Multi-region solved 0.6 GHz at 212 deg
coated 724 724 HH: Multi-region solved 0.6 GHz at 213 deg
coated 724 724 HH: Multi-region solved 0.6 GHz at 214 deg
coated 724 724 HH: Multi-region solved 0.6 GHz at 215 deg
coated 724 724 HH: Multi-region solved 0.6 GHz at 216 deg
coated 724 724 HH: Multi-region solved 0.6 GHz at 217 deg
coated 724 724 HH: Multi-region solved 0.6 GHz at 218 deg
coated 724 724 HH: Multi-region solved 0.6 GHz at 219 deg
coated 724 724 HH: Multi-region solved 0.6 GHz at 220 deg
coated 724 724 HH: Multi-region solved 0.6 GHz at 221 deg
coated 724 724 HH: Multi-region solved 0.6 GHz at 222 deg
coated 724 724 HH: Multi-region solved 0.6 GHz at 223 deg
coated 724 724 HH: Multi-region solved 0.6 GHz at 224 deg
coated 724 724 HH: Multi-region solved 0.6 GHz at 225 deg
coated 724 724 HH: Multi-region solved 0.6 GHz at 226 deg
coated 724 724 HH: Multi-region solved 0.6 GHz at 227 deg
coated 724 724 HH: Multi-region solved 0.6 GHz at 228 deg
coated 724 724 HH: Multi-region solved 0.6 GHz at 229 deg
coated 724 724 HH: Multi-region solved 0.6 GHz at 230 deg
coated 724 724 HH: Multi-region solved 0.6 GHz at 231 deg
coated 724 724 HH: Multi-region solved 0.6 GHz at 232 deg
coated 724 724 HH: Multi-region solved 0.6 GHz at 233 deg
coated 724 724 HH: Multi-region solved 0.6 GHz at 234 deg
coated 724 724 HH: Multi-region solved 0.6 GHz at 235 deg
coated 724 724 HH: Multi-region solved 0.6 GHz at 236 deg
coated 724 724 HH: Multi-region solved 0.6 GHz at 237 deg
coated 724 724 HH: Multi-region solved 0.6 GHz at 238 deg
coated 724 724 HH: Multi-region solved 0.6 GHz at 239 deg
coated 724 724 HH: Multi-region solved 0.6 GHz at 240 deg
coated 724 724 HH: Multi-region solved 0.6 GHz at 241 deg
coated 724 724 HH: Multi-region solved 0.6 GHz at 242 deg
coated 724 724 HH: Multi-region solved 0.6 GHz at 243 deg
coated 724 724 HH: Multi-region solved 0.6 GHz at 244 deg
coated 724 724 HH: Multi-region solved 0.6 GHz at 245 deg
coated 724 724 HH: Multi-region solved 0.6 GHz at 246 deg
coated 724 724 HH: Multi-region solved 0.6 GHz at 247 deg
coated 724 724 HH: Multi-region solved 0.6 GHz at 248 deg
coated 724 724 HH: Multi-region solved 0.6 GHz at 249 deg
coated 724 724 HH: Multi-region solved 0.6 GHz at 250 deg
coated 724 724 HH: Multi-region solved 0.6 GHz at 251 deg
coated 724 724 HH: Multi-region solved 0.6 GHz at 252 deg
coated 724 724 HH: Multi-region solved 0.6 GHz at 253 deg
coated 724 724 HH: Multi-region solved 0.6 GHz at 254 deg
coated 724 724 HH: Multi-region solved 0.6 GHz at 255 deg
coated 724 724 HH: Multi-region solved 0.6 GHz at 256 deg
coated 724 724 HH: Multi-region solved 0.6 GHz at 257 deg
coated 724 724 HH: Multi-region solved 0.6 GHz at 258 deg
coated 724 724 HH: Multi-region solved 0.6 GHz at 259 deg
coated 724 724 HH: Multi-region solved 0.6 GHz at 260 deg
coated 724 724 HH: Multi-region solved 0.6 GHz at 261 deg
coated 724 724 HH: Multi-region solved 0.6 GHz at 262 deg
coated 724 724 HH: Multi-region solved 0.6 GHz at 263 deg
coated 724 724 HH: Multi-region solved 0.6 GHz at 264 deg
coated 724 724 HH: Multi-region solved 0.6 GHz at 265 deg
coated 724 724 HH: Multi-region solved 0.6 GHz at 266 deg
coated 724 724 HH: Multi-region solved 0.6 GHz at 267 deg
coated 724 724 HH: Multi-region solved 0.6 GHz at 268 deg
coated 724 724 HH: Multi-region solved 0.6 GHz at 269 deg
coated 724 724 HH: Multi-region solved 0.6 GHz at 270 deg
coated 724 724 HH: Multi-region solved 0.6 GHz at 271 deg
coated 724 724 HH: Multi-region solved 0.6 GHz at 272 deg
coated 724 724 HH: Multi-region solved 0.6 GHz at 273 deg
coated 724 724 HH: Multi-region solved 0.6 GHz at 274 deg
coated 724 724 HH: Multi-region solved 0.6 GHz at 275 deg
coated 724 724 HH: Multi-region solved 0.6 GHz at 276 deg
coated 724 724 HH: Multi-region solved 0.6 GHz at 277 deg
coated 724 724 HH: Multi-region solved 0.6 GHz at 278 deg
coated 724 724 HH: Multi-region solved 0.6 GHz at 279 deg
coated 724 724 HH: Multi-region solved 0.6 GHz at 280 deg
coated 724 724 HH: Multi-region solved 0.6 GHz at 281 deg
coated 724 724 HH: Multi-region solved 0.6 GHz at 282 deg
coated 724 724 HH: Multi-region solved 0.6 GHz at 283 deg
coated 724 724 HH: Multi-region solved 0.6 GHz at 284 deg
coated 724 724 HH: Multi-region solved 0.6 GHz at 285 deg
coated 724 724 HH: Multi-region solved 0.6 GHz at 286 deg
coated 724 724 HH: Multi-region solved 0.6 GHz at 287 deg
coated 724 724 HH: Multi-region solved 0.6 GHz at 288 deg
coated 724 724 HH: Multi-region solved 0.6 GHz at 289 deg
coated 724 724 HH: Multi-region solved 0.6 GHz at 290 deg
coated 724 724 HH: Multi-region solved 0.6 GHz at 291 deg
coated 724 724 HH: Multi-region solved 0.6 GHz at 292 deg
coated 724 724 HH: Multi-region solved 0.6 GHz at 293 deg
coated 724 724 HH: Multi-region solved 0.6 GHz at 294 deg
coated 724 724 HH: Multi-region solved 0.6 GHz at 295 deg
coated 724 724 HH: Multi-region solved 0.6 GHz at 296 deg
coated 724 724 HH: Multi-region solved 0.6 GHz at 297 deg
coated 724 724 HH: Multi-region solved 0.6 GHz at 298 deg
coated 724 724 HH: Multi-region solved 0.6 GHz at 299 deg
coated 724 724 HH: Multi-region solved 0.6 GHz at 300 deg
coated 724 724 HH: Multi-region solved 0.6 GHz at 301 deg
coated 724 724 HH: Multi-region solved 0.6 GHz at 302 deg
coated 724 724 HH: Multi-region solved 0.6 GHz at 303 deg
coated 724 724 HH: Multi-region solved 0.6 GHz at 304 deg
coated 724 724 HH: Multi-region solved 0.6 GHz at 305 deg
coated 724 724 HH: Multi-region solved 0.6 GHz at 306 deg
coated 724 724 HH: Multi-region solved 0.6 GHz at 307 deg
coated 724 724 HH: Multi-region solved 0.6 GHz at 308 deg
coated 724 724 HH: Multi-region solved 0.6 GHz at 309 deg
coated 724 724 HH: Multi-region solved 0.6 GHz at 310 deg
coated 724 724 HH: Multi-region solved 0.6 GHz at 311 deg
coated 724 724 HH: Multi-region solved 0.6 GHz at 312 deg
coated 724 724 HH: Multi-region solved 0.6 GHz at 313 deg
coated 724 724 HH: Multi-region solved 0.6 GHz at 314 deg
coated 724 724 HH: Multi-region solved 0.6 GHz at 315 deg
coated 724 724 HH: Multi-region solved 0.6 GHz at 316 deg
coated 724 724 HH: Multi-region solved 0.6 GHz at 317 deg
coated 724 724 HH: Multi-region solved 0.6 GHz at 318 deg
coated 724 724 HH: Multi-region solved 0.6 GHz at 319 deg
coated 724 724 HH: Multi-region solved 0.6 GHz at 320 deg
coated 724 724 HH: Multi-region solved 0.6 GHz at 321 deg
coated 724 724 HH: Multi-region solved 0.6 GHz at 322 deg
coated 724 724 HH: Multi-region solved 0.6 GHz at 323 deg
coated 724 724 HH: Multi-region solved 0.6 GHz at 324 deg
coated 724 724 HH: Multi-region solved 0.6 GHz at 325 deg
coated 724 724 HH: Multi-region solved 0.6 GHz at 326 deg
coated 724 724 HH: Multi-region solved 0.6 GHz at 327 deg
coated 724 724 HH: Multi-region solved 0.6 GHz at 328 deg
coated 724 724 HH: Multi-region solved 0.6 GHz at 329 deg
coated 724 724 HH: Multi-region solved 0.6 GHz at 330 deg
coated 724 724 HH: Multi-region solved 0.6 GHz at 331 deg
coated 724 724 HH: Multi-region solved 0.6 GHz at 332 deg
coated 724 724 HH: Multi-region solved 0.6 GHz at 333 deg
coated 724 724 HH: Multi-region solved 0.6 GHz at 334 deg
coated 724 724 HH: Multi-region solved 0.6 GHz at 335 deg
coated 724 724 HH: Multi-region solved 0.6 GHz at 336 deg
coated 724 724 HH: Multi-region solved 0.6 GHz at 337 deg
coated 724 724 HH: Multi-region solved 0.6 GHz at 338 deg
coated 724 724 HH: Multi-region solved 0.6 GHz at 339 deg
coated 724 724 HH: Multi-region solved 0.6 GHz at 340 deg
coated 724 724 HH: Multi-region solved 0.6 GHz at 341 deg
coated 724 724 HH: Multi-region solved 0.6 GHz at 342 deg
coated 724 724 HH: Multi-region solved 0.6 GHz at 343 deg
coated 724 724 HH: Multi-region solved 0.6 GHz at 344 deg
coated 724 724 HH: Multi-region solved 0.6 GHz at 345 deg
coated 724 724 HH: Multi-region solved 0.6 GHz at 346 deg
coated 724 724 HH: Multi-region solved 0.6 GHz at 347 deg
coated 724 724 HH: Multi-region solved 0.6 GHz at 348 deg
coated 724 724 HH: Multi-region solved 0.6 GHz at 349 deg
coated 724 724 HH: Multi-region solved 0.6 GHz at 350 deg
coated 724 724 HH: Multi-region solved 0.6 GHz at 351 deg
coated 724 724 HH: Multi-region solved 0.6 GHz at 352 deg
coated 724 724 HH: Multi-region solved 0.6 GHz at 353 deg
coated 724 724 HH: Multi-region solved 0.6 GHz at 354 deg
coated 724 724 HH: Multi-region solved 0.6 GHz at 355 deg
coated 724 724 HH: Multi-region solved 0.6 GHz at 356 deg
coated 724 724 HH: Multi-region solved 0.6 GHz at 357 deg
coated 724 724 HH: Multi-region solved 0.6 GHz at 358 deg
coated 724 724 HH: Multi-region solved 0.6 GHz at 359 deg
coated 724 724 HH: Multi-region solved 0.6 GHz at 360 deg
coated 5.750599200000579 True 
layered 0 724 VV: Initializing solver
layered 724 724 HH: Experimental CPU: solved 361 of 361 angles at 0.6 GHz
layered 724 724 HH: Multi-region solved 0.6 GHz at 0 deg
layered 724 724 HH: Multi-region solved 0.6 GHz at 1 deg
layered 724 724 HH: Multi-region solved 0.6 GHz at 2 deg
layered 724 724 HH: Multi-region solved 0.6 GHz at 3 deg
layered 724 724 HH: Multi-region solved 0.6 GHz at 4 deg
layered 724 724 HH: Multi-region solved 0.6 GHz at 5 deg
layered 724 724 HH: Multi-region solved 0.6 GHz at 6 deg
layered 724 724 HH: Multi-region solved 0.6 GHz at 7 deg
layered 724 724 HH: Multi-region solved 0.6 GHz at 8 deg
layered 724 724 HH: Multi-region solved 0.6 GHz at 9 deg
layered 724 724 HH: Multi-region solved 0.6 GHz at 10 deg
layered 724 724 HH: Multi-region solved 0.6 GHz at 11 deg
layered 724 724 HH: Multi-region solved 0.6 GHz at 12 deg
layered 724 724 HH: Multi-region solved 0.6 GHz at 13 deg
layered 724 724 HH: Multi-region solved 0.6 GHz at 14 deg
layered 724 724 HH: Multi-region solved 0.6 GHz at 15 deg
layered 724 724 HH: Multi-region solved 0.6 GHz at 16 deg
layered 724 724 HH: Multi-region solved 0.6 GHz at 17 deg
layered 724 724 HH: Multi-region solved 0.6 GHz at 18 deg
layered 724 724 HH: Multi-region solved 0.6 GHz at 19 deg
layered 724 724 HH: Multi-region solved 0.6 GHz at 20 deg
layered 724 724 HH: Multi-region solved 0.6 GHz at 21 deg
layered 724 724 HH: Multi-region solved 0.6 GHz at 22 deg
layered 724 724 HH: Multi-region solved 0.6 GHz at 23 deg
layered 724 724 HH: Multi-region solved 0.6 GHz at 24 deg
layered 724 724 HH: Multi-region solved 0.6 GHz at 25 deg
layered 724 724 HH: Multi-region solved 0.6 GHz at 26 deg
layered 724 724 HH: Multi-region solved 0.6 GHz at 27 deg
layered 724 724 HH: Multi-region solved 0.6 GHz at 28 deg
layered 724 724 HH: Multi-region solved 0.6 GHz at 29 deg
layered 724 724 HH: Multi-region solved 0.6 GHz at 30 deg
layered 724 724 HH: Multi-region solved 0.6 GHz at 31 deg
layered 724 724 HH: Multi-region solved 0.6 GHz at 32 deg
layered 724 724 HH: Multi-region solved 0.6 GHz at 33 deg
layered 724 724 HH: Multi-region solved 0.6 GHz at 34 deg
layered 724 724 HH: Multi-region solved 0.6 GHz at 35 deg
layered 724 724 HH: Multi-region solved 0.6 GHz at 36 deg
layered 724 724 HH: Multi-region solved 0.6 GHz at 37 deg
layered 724 724 HH: Multi-region solved 0.6 GHz at 38 deg
layered 724 724 HH: Multi-region solved 0.6 GHz at 39 deg
layered 724 724 HH: Multi-region solved 0.6 GHz at 40 deg
layered 724 724 HH: Multi-region solved 0.6 GHz at 41 deg
layered 724 724 HH: Multi-region solved 0.6 GHz at 42 deg
layered 724 724 HH: Multi-region solved 0.6 GHz at 43 deg
layered 724 724 HH: Multi-region solved 0.6 GHz at 44 deg
layered 724 724 HH: Multi-region solved 0.6 GHz at 45 deg
layered 724 724 HH: Multi-region solved 0.6 GHz at 46 deg
layered 724 724 HH: Multi-region solved 0.6 GHz at 47 deg
layered 724 724 HH: Multi-region solved 0.6 GHz at 48 deg
layered 724 724 HH: Multi-region solved 0.6 GHz at 49 deg
layered 724 724 HH: Multi-region solved 0.6 GHz at 50 deg
layered 724 724 HH: Multi-region solved 0.6 GHz at 51 deg
layered 724 724 HH: Multi-region solved 0.6 GHz at 52 deg
layered 724 724 HH: Multi-region solved 0.6 GHz at 53 deg
layered 724 724 HH: Multi-region solved 0.6 GHz at 54 deg
layered 724 724 HH: Multi-region solved 0.6 GHz at 55 deg
layered 724 724 HH: Multi-region solved 0.6 GHz at 56 deg
layered 724 724 HH: Multi-region solved 0.6 GHz at 57 deg
layered 724 724 HH: Multi-region solved 0.6 GHz at 58 deg
layered 724 724 HH: Multi-region solved 0.6 GHz at 59 deg
layered 724 724 HH: Multi-region solved 0.6 GHz at 60 deg
layered 724 724 HH: Multi-region solved 0.6 GHz at 61 deg
layered 724 724 HH: Multi-region solved 0.6 GHz at 62 deg
layered 724 724 HH: Multi-region solved 0.6 GHz at 63 deg
layered 724 724 HH: Multi-region solved 0.6 GHz at 64 deg
layered 724 724 HH: Multi-region solved 0.6 GHz at 65 deg
layered 724 724 HH: Multi-region solved 0.6 GHz at 66 deg
layered 724 724 HH: Multi-region solved 0.6 GHz at 67 deg
layered 724 724 HH: Multi-region solved 0.6 GHz at 68 deg
layered 724 724 HH: Multi-region solved 0.6 GHz at 69 deg
layered 724 724 HH: Multi-region solved 0.6 GHz at 70 deg
layered 724 724 HH: Multi-region solved 0.6 GHz at 71 deg
layered 724 724 HH: Multi-region solved 0.6 GHz at 72 deg
layered 724 724 HH: Multi-region solved 0.6 GHz at 73 deg
layered 724 724 HH: Multi-region solved 0.6 GHz at 74 deg
layered 724 724 HH: Multi-region solved 0.6 GHz at 75 deg
layered 724 724 HH: Multi-region solved 0.6 GHz at 76 deg
layered 724 724 HH: Multi-region solved 0.6 GHz at 77 deg
layered 724 724 HH: Multi-region solved 0.6 GHz at 78 deg
layered 724 724 HH: Multi-region solved 0.6 GHz at 79 deg
layered 724 724 HH: Multi-region solved 0.6 GHz at 80 deg
layered 724 724 HH: Multi-region solved 0.6 GHz at 81 deg
layered 724 724 HH: Multi-region solved 0.6 GHz at 82 deg
layered 724 724 HH: Multi-region solved 0.6 GHz at 83 deg
layered 724 724 HH: Multi-region solved 0.6 GHz at 84 deg
layered 724 724 HH: Multi-region solved 0.6 GHz at 85 deg
layered 724 724 HH: Multi-region solved 0.6 GHz at 86 deg
layered 724 724 HH: Multi-region solved 0.6 GHz at 87 deg
layered 724 724 HH: Multi-region solved 0.6 GHz at 88 deg
layered 724 724 HH: Multi-region solved 0.6 GHz at 89 deg
layered 724 724 HH: Multi-region solved 0.6 GHz at 90 deg
layered 724 724 HH: Multi-region solved 0.6 GHz at 91 deg
layered 724 724 HH: Multi-region solved 0.6 GHz at 92 deg
layered 724 724 HH: Multi-region solved 0.6 GHz at 93 deg
layered 724 724 HH: Multi-region solved 0.6 GHz at 94 deg
layered 724 724 HH: Multi-region solved 0.6 GHz at 95 deg
layered 724 724 HH: Multi-region solved 0.6 GHz at 96 deg
layered 724 724 HH: Multi-region solved 0.6 GHz at 97 deg
layered 724 724 HH: Multi-region solved 0.6 GHz at 98 deg
layered 724 724 HH: Multi-region solved 0.6 GHz at 99 deg
layered 724 724 HH: Multi-region solved 0.6 GHz at 100 deg
layered 724 724 HH: Multi-region solved 0.6 GHz at 101 deg
layered 724 724 HH: Multi-region solved 0.6 GHz at 102 deg
layered 724 724 HH: Multi-region solved 0.6 GHz at 103 deg
layered 724 724 HH: Multi-region solved 0.6 GHz at 104 deg
layered 724 724 HH: Multi-region solved 0.6 GHz at 105 deg
layered 724 724 HH: Multi-region solved 0.6 GHz at 106 deg
layered 724 724 HH: Multi-region solved 0.6 GHz at 107 deg
layered 724 724 HH: Multi-region solved 0.6 GHz at 108 deg
layered 724 724 HH: Multi-region solved 0.6 GHz at 109 deg
layered 724 724 HH: Multi-region solved 0.6 GHz at 110 deg
layered 724 724 HH: Multi-region solved 0.6 GHz at 111 deg
layered 724 724 HH: Multi-region solved 0.6 GHz at 112 deg
layered 724 724 HH: Multi-region solved 0.6 GHz at 113 deg
layered 724 724 HH: Multi-region solved 0.6 GHz at 114 deg
layered 724 724 HH: Multi-region solved 0.6 GHz at 115 deg
layered 724 724 HH: Multi-region solved 0.6 GHz at 116 deg
layered 724 724 HH: Multi-region solved 0.6 GHz at 117 deg
layered 724 724 HH: Multi-region solved 0.6 GHz at 118 deg
layered 724 724 HH: Multi-region solved 0.6 GHz at 119 deg
layered 724 724 HH: Multi-region solved 0.6 GHz at 120 deg
layered 724 724 HH: Multi-region solved 0.6 GHz at 121 deg
layered 724 724 HH: Multi-region solved 0.6 GHz at 122 deg
layered 724 724 HH: Multi-region solved 0.6 GHz at 123 deg
layered 724 724 HH: Multi-region solved 0.6 GHz at 124 deg
layered 724 724 HH: Multi-region solved 0.6 GHz at 125 deg
layered 724 724 HH: Multi-region solved 0.6 GHz at 126 deg
layered 724 724 HH: Multi-region solved 0.6 GHz at 127 deg
layered 724 724 HH: Multi-region solved 0.6 GHz at 128 deg
layered 724 724 HH: Multi-region solved 0.6 GHz at 129 deg
layered 724 724 HH: Multi-region solved 0.6 GHz at 130 deg
layered 724 724 HH: Multi-region solved 0.6 GHz at 131 deg
layered 724 724 HH: Multi-region solved 0.6 GHz at 132 deg
layered 724 724 HH: Multi-region solved 0.6 GHz at 133 deg
layered 724 724 HH: Multi-region solved 0.6 GHz at 134 deg
layered 724 724 HH: Multi-region solved 0.6 GHz at 135 deg
layered 724 724 HH: Multi-region solved 0.6 GHz at 136 deg
layered 724 724 HH: Multi-region solved 0.6 GHz at 137 deg
layered 724 724 HH: Multi-region solved 0.6 GHz at 138 deg
layered 724 724 HH: Multi-region solved 0.6 GHz at 139 deg
layered 724 724 HH: Multi-region solved 0.6 GHz at 140 deg
layered 724 724 HH: Multi-region solved 0.6 GHz at 141 deg
layered 724 724 HH: Multi-region solved 0.6 GHz at 142 deg
layered 724 724 HH: Multi-region solved 0.6 GHz at 143 deg
layered 724 724 HH: Multi-region solved 0.6 GHz at 144 deg
layered 724 724 HH: Multi-region solved 0.6 GHz at 145 deg
layered 724 724 HH: Multi-region solved 0.6 GHz at 146 deg
layered 724 724 HH: Multi-region solved 0.6 GHz at 147 deg
layered 724 724 HH: Multi-region solved 0.6 GHz at 148 deg
layered 724 724 HH: Multi-region solved 0.6 GHz at 149 deg
layered 724 724 HH: Multi-region solved 0.6 GHz at 150 deg
layered 724 724 HH: Multi-region solved 0.6 GHz at 151 deg
layered 724 724 HH: Multi-region solved 0.6 GHz at 152 deg
layered 724 724 HH: Multi-region solved 0.6 GHz at 153 deg
layered 724 724 HH: Multi-region solved 0.6 GHz at 154 deg
layered 724 724 HH: Multi-region solved 0.6 GHz at 155 deg
layered 724 724 HH: Multi-region solved 0.6 GHz at 156 deg
layered 724 724 HH: Multi-region solved 0.6 GHz at 157 deg
layered 724 724 HH: Multi-region solved 0.6 GHz at 158 deg
layered 724 724 HH: Multi-region solved 0.6 GHz at 159 deg
layered 724 724 HH: Multi-region solved 0.6 GHz at 160 deg
layered 724 724 HH: Multi-region solved 0.6 GHz at 161 deg
layered 724 724 HH: Multi-region solved 0.6 GHz at 162 deg
layered 724 724 HH: Multi-region solved 0.6 GHz at 163 deg
layered 724 724 HH: Multi-region solved 0.6 GHz at 164 deg
layered 724 724 HH: Multi-region solved 0.6 GHz at 165 deg
layered 724 724 HH: Multi-region solved 0.6 GHz at 166 deg
layered 724 724 HH: Multi-region solved 0.6 GHz at 167 deg
layered 724 724 HH: Multi-region solved 0.6 GHz at 168 deg
layered 724 724 HH: Multi-region solved 0.6 GHz at 169 deg
layered 724 724 HH: Multi-region solved 0.6 GHz at 170 deg
layered 724 724 HH: Multi-region solved 0.6 GHz at 171 deg
layered 724 724 HH: Multi-region solved 0.6 GHz at 172 deg
layered 724 724 HH: Multi-region solved 0.6 GHz at 173 deg
layered 724 724 HH: Multi-region solved 0.6 GHz at 174 deg
layered 724 724 HH: Multi-region solved 0.6 GHz at 175 deg
layered 724 724 HH: Multi-region solved 0.6 GHz at 176 deg
layered 724 724 HH: Multi-region solved 0.6 GHz at 177 deg
layered 724 724 HH: Multi-region solved 0.6 GHz at 178 deg
layered 724 724 HH: Multi-region solved 0.6 GHz at 179 deg
layered 724 724 HH: Multi-region solved 0.6 GHz at 180 deg
layered 724 724 HH: Multi-region solved 0.6 GHz at 181 deg
layered 724 724 HH: Multi-region solved 0.6 GHz at 182 deg
layered 724 724 HH: Multi-region solved 0.6 GHz at 183 deg
layered 724 724 HH: Multi-region solved 0.6 GHz at 184 deg
layered 724 724 HH: Multi-region solved 0.6 GHz at 185 deg
layered 724 724 HH: Multi-region solved 0.6 GHz at 186 deg
layered 724 724 HH: Multi-region solved 0.6 GHz at 187 deg
layered 724 724 HH: Multi-region solved 0.6 GHz at 188 deg
layered 724 724 HH: Multi-region solved 0.6 GHz at 189 deg
layered 724 724 HH: Multi-region solved 0.6 GHz at 190 deg
layered 724 724 HH: Multi-region solved 0.6 GHz at 191 deg
layered 724 724 HH: Multi-region solved 0.6 GHz at 192 deg
layered 724 724 HH: Multi-region solved 0.6 GHz at 193 deg
layered 724 724 HH: Multi-region solved 0.6 GHz at 194 deg
layered 724 724 HH: Multi-region solved 0.6 GHz at 195 deg
layered 724 724 HH: Multi-region solved 0.6 GHz at 196 deg
layered 724 724 HH: Multi-region solved 0.6 GHz at 197 deg
layered 724 724 HH: Multi-region solved 0.6 GHz at 198 deg
layered 724 724 HH: Multi-region solved 0.6 GHz at 199 deg
layered 724 724 HH: Multi-region solved 0.6 GHz at 200 deg
layered 724 724 HH: Multi-region solved 0.6 GHz at 201 deg
layered 724 724 HH: Multi-region solved 0.6 GHz at 202 deg
layered 724 724 HH: Multi-region solved 0.6 GHz at 203 deg
layered 724 724 HH: Multi-region solved 0.6 GHz at 204 deg
layered 724 724 HH: Multi-region solved 0.6 GHz at 205 deg
layered 724 724 HH: Multi-region solved 0.6 GHz at 206 deg
layered 724 724 HH: Multi-region solved 0.6 GHz at 207 deg
layered 724 724 HH: Multi-region solved 0.6 GHz at 208 deg
layered 724 724 HH: Multi-region solved 0.6 GHz at 209 deg
layered 724 724 HH: Multi-region solved 0.6 GHz at 210 deg
layered 724 724 HH: Multi-region solved 0.6 GHz at 211 deg
layered 724 724 HH: Multi-region solved 0.6 GHz at 212 deg
layered 724 724 HH: Multi-region solved 0.6 GHz at 213 deg
layered 724 724 HH: Multi-region solved 0.6 GHz at 214 deg
layered 724 724 HH: Multi-region solved 0.6 GHz at 215 deg
layered 724 724 HH: Multi-region solved 0.6 GHz at 216 deg
layered 724 724 HH: Multi-region solved 0.6 GHz at 217 deg
layered 724 724 HH: Multi-region solved 0.6 GHz at 218 deg
layered 724 724 HH: Multi-region solved 0.6 GHz at 219 deg
layered 724 724 HH: Multi-region solved 0.6 GHz at 220 deg
layered 724 724 HH: Multi-region solved 0.6 GHz at 221 deg
layered 724 724 HH: Multi-region solved 0.6 GHz at 222 deg
layered 724 724 HH: Multi-region solved 0.6 GHz at 223 deg
layered 724 724 HH: Multi-region solved 0.6 GHz at 224 deg
layered 724 724 HH: Multi-region solved 0.6 GHz at 225 deg
layered 724 724 HH: Multi-region solved 0.6 GHz at 226 deg
layered 724 724 HH: Multi-region solved 0.6 GHz at 227 deg
layered 724 724 HH: Multi-region solved 0.6 GHz at 228 deg
layered 724 724 HH: Multi-region solved 0.6 GHz at 229 deg
layered 724 724 HH: Multi-region solved 0.6 GHz at 230 deg
layered 724 724 HH: Multi-region solved 0.6 GHz at 231 deg
layered 724 724 HH: Multi-region solved 0.6 GHz at 232 deg
layered 724 724 HH: Multi-region solved 0.6 GHz at 233 deg
layered 724 724 HH: Multi-region solved 0.6 GHz at 234 deg
layered 724 724 HH: Multi-region solved 0.6 GHz at 235 deg
layered 724 724 HH: Multi-region solved 0.6 GHz at 236 deg
layered 724 724 HH: Multi-region solved 0.6 GHz at 237 deg
layered 724 724 HH: Multi-region solved 0.6 GHz at 238 deg
layered 724 724 HH: Multi-region solved 0.6 GHz at 239 deg
layered 724 724 HH: Multi-region solved 0.6 GHz at 240 deg
layered 724 724 HH: Multi-region solved 0.6 GHz at 241 deg
layered 724 724 HH: Multi-region solved 0.6 GHz at 242 deg
layered 724 724 HH: Multi-region solved 0.6 GHz at 243 deg
layered 724 724 HH: Multi-region solved 0.6 GHz at 244 deg
layered 724 724 HH: Multi-region solved 0.6 GHz at 245 deg
layered 724 724 HH: Multi-region solved 0.6 GHz at 246 deg
layered 724 724 HH: Multi-region solved 0.6 GHz at 247 deg
layered 724 724 HH: Multi-region solved 0.6 GHz at 248 deg
layered 724 724 HH: Multi-region solved 0.6 GHz at 249 deg
layered 724 724 HH: Multi-region solved 0.6 GHz at 250 deg
layered 724 724 HH: Multi-region solved 0.6 GHz at 251 deg
layered 724 724 HH: Multi-region solved 0.6 GHz at 252 deg
layered 724 724 HH: Multi-region solved 0.6 GHz at 253 deg
layered 724 724 HH: Multi-region solved 0.6 GHz at 254 deg
layered 724 724 HH: Multi-region solved 0.6 GHz at 255 deg
layered 724 724 HH: Multi-region solved 0.6 GHz at 256 deg
layered 724 724 HH: Multi-region solved 0.6 GHz at 257 deg
layered 724 724 HH: Multi-region solved 0.6 GHz at 258 deg
layered 724 724 HH: Multi-region solved 0.6 GHz at 259 deg
layered 724 724 HH: Multi-region solved 0.6 GHz at 260 deg
layered 724 724 HH: Multi-region solved 0.6 GHz at 261 deg
layered 724 724 HH: Multi-region solved 0.6 GHz at 262 deg
layered 724 724 HH: Multi-region solved 0.6 GHz at 263 deg
layered 724 724 HH: Multi-region solved 0.6 GHz at 264 deg
layered 724 724 HH: Multi-region solved 0.6 GHz at 265 deg
layered 724 724 HH: Multi-region solved 0.6 GHz at 266 deg
layered 724 724 HH: Multi-region solved 0.6 GHz at 267 deg
layered 724 724 HH: Multi-region solved 0.6 GHz at 268 deg
layered 724 724 HH: Multi-region solved 0.6 GHz at 269 deg
layered 724 724 HH: Multi-region solved 0.6 GHz at 270 deg
layered 724 724 HH: Multi-region solved 0.6 GHz at 271 deg
layered 724 724 HH: Multi-region solved 0.6 GHz at 272 deg
layered 724 724 HH: Multi-region solved 0.6 GHz at 273 deg
layered 724 724 HH: Multi-region solved 0.6 GHz at 274 deg
layered 724 724 HH: Multi-region solved 0.6 GHz at 275 deg
layered 724 724 HH: Multi-region solved 0.6 GHz at 276 deg
layered 724 724 HH: Multi-region solved 0.6 GHz at 277 deg
layered 724 724 HH: Multi-region solved 0.6 GHz at 278 deg
layered 724 724 HH: Multi-region solved 0.6 GHz at 279 deg
layered 724 724 HH: Multi-region solved 0.6 GHz at 280 deg
layered 724 724 HH: Multi-region solved 0.6 GHz at 281 deg
layered 724 724 HH: Multi-region solved 0.6 GHz at 282 deg
layered 724 724 HH: Multi-region solved 0.6 GHz at 283 deg
layered 724 724 HH: Multi-region solved 0.6 GHz at 284 deg
layered 724 724 HH: Multi-region solved 0.6 GHz at 285 deg
layered 724 724 HH: Multi-region solved 0.6 GHz at 286 deg
layered 724 724 HH: Multi-region solved 0.6 GHz at 287 deg
layered 724 724 HH: Multi-region solved 0.6 GHz at 288 deg
layered 724 724 HH: Multi-region solved 0.6 GHz at 289 deg
layered 724 724 HH: Multi-region solved 0.6 GHz at 290 deg
layered 724 724 HH: Multi-region solved 0.6 GHz at 291 deg
layered 724 724 HH: Multi-region solved 0.6 GHz at 292 deg
layered 724 724 HH: Multi-region solved 0.6 GHz at 293 deg
layered 724 724 HH: Multi-region solved 0.6 GHz at 294 deg
layered 724 724 HH: Multi-region solved 0.6 GHz at 295 deg
layered 724 724 HH: Multi-region solved 0.6 GHz at 296 deg
layered 724 724 HH: Multi-region solved 0.6 GHz at 297 deg
layered 724 724 HH: Multi-region solved 0.6 GHz at 298 deg
layered 724 724 HH: Multi-region solved 0.6 GHz at 299 deg
layered 724 724 HH: Multi-region solved 0.6 GHz at 300 deg
layered 724 724 HH: Multi-region solved 0.6 GHz at 301 deg
layered 724 724 HH: Multi-region solved 0.6 GHz at 302 deg
layered 724 724 HH: Multi-region solved 0.6 GHz at 303 deg
layered 724 724 HH: Multi-region solved 0.6 GHz at 304 deg
layered 724 724 HH: Multi-region solved 0.6 GHz at 305 deg
layered 724 724 HH: Multi-region solved 0.6 GHz at 306 deg
layered 724 724 HH: Multi-region solved 0.6 GHz at 307 deg
layered 724 724 HH: Multi-region solved 0.6 GHz at 308 deg
layered 724 724 HH: Multi-region solved 0.6 GHz at 309 deg
layered 724 724 HH: Multi-region solved 0.6 GHz at 310 deg
layered 724 724 HH: Multi-region solved 0.6 GHz at 311 deg
layered 724 724 HH: Multi-region solved 0.6 GHz at 312 deg
layered 724 724 HH: Multi-region solved 0.6 GHz at 313 deg
layered 724 724 HH: Multi-region solved 0.6 GHz at 314 deg
layered 724 724 HH: Multi-region solved 0.6 GHz at 315 deg
layered 724 724 HH: Multi-region solved 0.6 GHz at 316 deg
layered 724 724 HH: Multi-region solved 0.6 GHz at 317 deg
layered 724 724 HH: Multi-region solved 0.6 GHz at 318 deg
layered 724 724 HH: Multi-region solved 0.6 GHz at 319 deg
layered 724 724 HH: Multi-region solved 0.6 GHz at 320 deg
layered 724 724 HH: Multi-region solved 0.6 GHz at 321 deg
layered 724 724 HH: Multi-region solved 0.6 GHz at 322 deg
layered 724 724 HH: Multi-region solved 0.6 GHz at 323 deg
layered 724 724 HH: Multi-region solved 0.6 GHz at 324 deg
layered 724 724 HH: Multi-region solved 0.6 GHz at 325 deg
layered 724 724 HH: Multi-region solved 0.6 GHz at 326 deg
layered 724 724 HH: Multi-region solved 0.6 GHz at 327 deg
layered 724 724 HH: Multi-region solved 0.6 GHz at 328 deg
layered 724 724 HH: Multi-region solved 0.6 GHz at 329 deg
layered 724 724 HH: Multi-region solved 0.6 GHz at 330 deg
layered 724 724 HH: Multi-region solved 0.6 GHz at 331 deg
layered 724 724 HH: Multi-region solved 0.6 GHz at 332 deg
layered 724 724 HH: Multi-region solved 0.6 GHz at 333 deg
layered 724 724 HH: Multi-region solved 0.6 GHz at 334 deg
layered 724 724 HH: Multi-region solved 0.6 GHz at 335 deg
layered 724 724 HH: Multi-region solved 0.6 GHz at 336 deg
layered 724 724 HH: Multi-region solved 0.6 GHz at 337 deg
layered 724 724 HH: Multi-region solved 0.6 GHz at 338 deg
layered 724 724 HH: Multi-region solved 0.6 GHz at 339 deg
layered 724 724 HH: Multi-region solved 0.6 GHz at 340 deg
layered 724 724 HH: Multi-region solved 0.6 GHz at 341 deg
layered 724 724 HH: Multi-region solved 0.6 GHz at 342 deg
layered 724 724 HH: Multi-region solved 0.6 GHz at 343 deg
layered 724 724 HH: Multi-region solved 0.6 GHz at 344 deg
layered 724 724 HH: Multi-region solved 0.6 GHz at 345 deg
layered 724 724 HH: Multi-region solved 0.6 GHz at 346 deg
layered 724 724 HH: Multi-region solved 0.6 GHz at 347 deg
layered 724 724 HH: Multi-region solved 0.6 GHz at 348 deg
layered 724 724 HH: Multi-region solved 0.6 GHz at 349 deg
layered 724 724 HH: Multi-region solved 0.6 GHz at 350 deg
layered 724 724 HH: Multi-region solved 0.6 GHz at 351 deg
layered 724 724 HH: Multi-region solved 0.6 GHz at 352 deg
layered 724 724 HH: Multi-region solved 0.6 GHz at 353 deg
layered 724 724 HH: Multi-region solved 0.6 GHz at 354 deg
layered 724 724 HH: Multi-region solved 0.6 GHz at 355 deg
layered 724 724 HH: Multi-region solved 0.6 GHz at 356 deg
layered 724 724 HH: Multi-region solved 0.6 GHz at 357 deg
layered 724 724 HH: Multi-region solved 0.6 GHz at 358 deg
layered 724 724 HH: Multi-region solved 0.6 GHz at 359 deg
layered 724 724 HH: Multi-region solved 0.6 GHz at 360 deg
layered 6.5169965000022785 True 
mixed 0 724 VV: Initializing solver
mixed 724 724 HH: Experimental CPU: solved 361 of 361 angles at 0.6 GHz
mixed 724 724 HH: Multi-region solved 0.6 GHz at 0 deg
mixed 724 724 HH: Multi-region solved 0.6 GHz at 1 deg
mixed 724 724 HH: Multi-region solved 0.6 GHz at 2 deg
mixed 724 724 HH: Multi-region solved 0.6 GHz at 3 deg
mixed 724 724 HH: Multi-region solved 0.6 GHz at 4 deg
mixed 724 724 HH: Multi-region solved 0.6 GHz at 5 deg
mixed 724 724 HH: Multi-region solved 0.6 GHz at 6 deg
mixed 724 724 HH: Multi-region solved 0.6 GHz at 7 deg
mixed 724 724 HH: Multi-region solved 0.6 GHz at 8 deg
mixed 724 724 HH: Multi-region solved 0.6 GHz at 9 deg
mixed 724 724 HH: Multi-region solved 0.6 GHz at 10 deg
mixed 724 724 HH: Multi-region solved 0.6 GHz at 11 deg
mixed 724 724 HH: Multi-region solved 0.6 GHz at 12 deg
mixed 724 724 HH: Multi-region solved 0.6 GHz at 13 deg
mixed 724 724 HH: Multi-region solved 0.6 GHz at 14 deg
mixed 724 724 HH: Multi-region solved 0.6 GHz at 15 deg
mixed 724 724 HH: Multi-region solved 0.6 GHz at 16 deg
mixed 724 724 HH: Multi-region solved 0.6 GHz at 17 deg
mixed 724 724 HH: Multi-region solved 0.6 GHz at 18 deg
mixed 724 724 HH: Multi-region solved 0.6 GHz at 19 deg
mixed 724 724 HH: Multi-region solved 0.6 GHz at 20 deg
mixed 724 724 HH: Multi-region solved 0.6 GHz at 21 deg
mixed 724 724 HH: Multi-region solved 0.6 GHz at 22 deg
mixed 724 724 HH: Multi-region solved 0.6 GHz at 23 deg
mixed 724 724 HH: Multi-region solved 0.6 GHz at 24 deg
mixed 724 724 HH: Multi-region solved 0.6 GHz at 25 deg
mixed 724 724 HH: Multi-region solved 0.6 GHz at 26 deg
mixed 724 724 HH: Multi-region solved 0.6 GHz at 27 deg
mixed 724 724 HH: Multi-region solved 0.6 GHz at 28 deg
mixed 724 724 HH: Multi-region solved 0.6 GHz at 29 deg
mixed 724 724 HH: Multi-region solved 0.6 GHz at 30 deg
mixed 724 724 HH: Multi-region solved 0.6 GHz at 31 deg
mixed 724 724 HH: Multi-region solved 0.6 GHz at 32 deg
mixed 724 724 HH: Multi-region solved 0.6 GHz at 33 deg
mixed 724 724 HH: Multi-region solved 0.6 GHz at 34 deg
mixed 724 724 HH: Multi-region solved 0.6 GHz at 35 deg
mixed 724 724 HH: Multi-region solved 0.6 GHz at 36 deg
mixed 724 724 HH: Multi-region solved 0.6 GHz at 37 deg
mixed 724 724 HH: Multi-region solved 0.6 GHz at 38 deg
mixed 724 724 HH: Multi-region solved 0.6 GHz at 39 deg
mixed 724 724 HH: Multi-region solved 0.6 GHz at 40 deg
mixed 724 724 HH: Multi-region solved 0.6 GHz at 41 deg
mixed 724 724 HH: Multi-region solved 0.6 GHz at 42 deg
mixed 724 724 HH: Multi-region solved 0.6 GHz at 43 deg
mixed 724 724 HH: Multi-region solved 0.6 GHz at 44 deg
mixed 724 724 HH: Multi-region solved 0.6 GHz at 45 deg
mixed 724 724 HH: Multi-region solved 0.6 GHz at 46 deg
mixed 724 724 HH: Multi-region solved 0.6 GHz at 47 deg
mixed 724 724 HH: Multi-region solved 0.6 GHz at 48 deg
mixed 724 724 HH: Multi-region solved 0.6 GHz at 49 deg
mixed 724 724 HH: Multi-region solved 0.6 GHz at 50 deg
mixed 724 724 HH: Multi-region solved 0.6 GHz at 51 deg
mixed 724 724 HH: Multi-region solved 0.6 GHz at 52 deg
mixed 724 724 HH: Multi-region solved 0.6 GHz at 53 deg
mixed 724 724 HH: Multi-region solved 0.6 GHz at 54 deg
mixed 724 724 HH: Multi-region solved 0.6 GHz at 55 deg
mixed 724 724 HH: Multi-region solved 0.6 GHz at 56 deg
mixed 724 724 HH: Multi-region solved 0.6 GHz at 57 deg
mixed 724 724 HH: Multi-region solved 0.6 GHz at 58 deg
mixed 724 724 HH: Multi-region solved 0.6 GHz at 59 deg
mixed 724 724 HH: Multi-region solved 0.6 GHz at 60 deg
mixed 724 724 HH: Multi-region solved 0.6 GHz at 61 deg
mixed 724 724 HH: Multi-region solved 0.6 GHz at 62 deg
mixed 724 724 HH: Multi-region solved 0.6 GHz at 63 deg
mixed 724 724 HH: Multi-region solved 0.6 GHz at 64 deg
mixed 724 724 HH: Multi-region solved 0.6 GHz at 65 deg
mixed 724 724 HH: Multi-region solved 0.6 GHz at 66 deg
mixed 724 724 HH: Multi-region solved 0.6 GHz at 67 deg
mixed 724 724 HH: Multi-region solved 0.6 GHz at 68 deg
mixed 724 724 HH: Multi-region solved 0.6 GHz at 69 deg
mixed 724 724 HH: Multi-region solved 0.6 GHz at 70 deg
mixed 724 724 HH: Multi-region solved 0.6 GHz at 71 deg
mixed 724 724 HH: Multi-region solved 0.6 GHz at 72 deg
mixed 724 724 HH: Multi-region solved 0.6 GHz at 73 deg
mixed 724 724 HH: Multi-region solved 0.6 GHz at 74 deg
mixed 724 724 HH: Multi-region solved 0.6 GHz at 75 deg
mixed 724 724 HH: Multi-region solved 0.6 GHz at 76 deg
mixed 724 724 HH: Multi-region solved 0.6 GHz at 77 deg
mixed 724 724 HH: Multi-region solved 0.6 GHz at 78 deg
mixed 724 724 HH: Multi-region solved 0.6 GHz at 79 deg
mixed 724 724 HH: Multi-region solved 0.6 GHz at 80 deg
mixed 724 724 HH: Multi-region solved 0.6 GHz at 81 deg
mixed 724 724 HH: Multi-region solved 0.6 GHz at 82 deg
mixed 724 724 HH: Multi-region solved 0.6 GHz at 83 deg
mixed 724 724 HH: Multi-region solved 0.6 GHz at 84 deg
mixed 724 724 HH: Multi-region solved 0.6 GHz at 85 deg
mixed 724 724 HH: Multi-region solved 0.6 GHz at 86 deg
mixed 724 724 HH: Multi-region solved 0.6 GHz at 87 deg
mixed 724 724 HH: Multi-region solved 0.6 GHz at 88 deg
mixed 724 724 HH: Multi-region solved 0.6 GHz at 89 deg
mixed 724 724 HH: Multi-region solved 0.6 GHz at 90 deg
mixed 724 724 HH: Multi-region solved 0.6 GHz at 91 deg
mixed 724 724 HH: Multi-region solved 0.6 GHz at 92 deg
mixed 724 724 HH: Multi-region solved 0.6 GHz at 93 deg
mixed 724 724 HH: Multi-region solved 0.6 GHz at 94 deg
mixed 724 724 HH: Multi-region solved 0.6 GHz at 95 deg
mixed 724 724 HH: Multi-region solved 0.6 GHz at 96 deg
mixed 724 724 HH: Multi-region solved 0.6 GHz at 97 deg
mixed 724 724 HH: Multi-region solved 0.6 GHz at 98 deg
mixed 724 724 HH: Multi-region solved 0.6 GHz at 99 deg
mixed 724 724 HH: Multi-region solved 0.6 GHz at 100 deg
mixed 724 724 HH: Multi-region solved 0.6 GHz at 101 deg
mixed 724 724 HH: Multi-region solved 0.6 GHz at 102 deg
mixed 724 724 HH: Multi-region solved 0.6 GHz at 103 deg
mixed 724 724 HH: Multi-region solved 0.6 GHz at 104 deg
mixed 724 724 HH: Multi-region solved 0.6 GHz at 105 deg
mixed 724 724 HH: Multi-region solved 0.6 GHz at 106 deg
mixed 724 724 HH: Multi-region solved 0.6 GHz at 107 deg
mixed 724 724 HH: Multi-region solved 0.6 GHz at 108 deg
mixed 724 724 HH: Multi-region solved 0.6 GHz at 109 deg
mixed 724 724 HH: Multi-region solved 0.6 GHz at 110 deg
mixed 724 724 HH: Multi-region solved 0.6 GHz at 111 deg
mixed 724 724 HH: Multi-region solved 0.6 GHz at 112 deg
mixed 724 724 HH: Multi-region solved 0.6 GHz at 113 deg
mixed 724 724 HH: Multi-region solved 0.6 GHz at 114 deg
mixed 724 724 HH: Multi-region solved 0.6 GHz at 115 deg
mixed 724 724 HH: Multi-region solved 0.6 GHz at 116 deg
mixed 724 724 HH: Multi-region solved 0.6 GHz at 117 deg
mixed 724 724 HH: Multi-region solved 0.6 GHz at 118 deg
mixed 724 724 HH: Multi-region solved 0.6 GHz at 119 deg
mixed 724 724 HH: Multi-region solved 0.6 GHz at 120 deg
mixed 724 724 HH: Multi-region solved 0.6 GHz at 121 deg
mixed 724 724 HH: Multi-region solved 0.6 GHz at 122 deg
mixed 724 724 HH: Multi-region solved 0.6 GHz at 123 deg
mixed 724 724 HH: Multi-region solved 0.6 GHz at 124 deg
mixed 724 724 HH: Multi-region solved 0.6 GHz at 125 deg
mixed 724 724 HH: Multi-region solved 0.6 GHz at 126 deg
mixed 724 724 HH: Multi-region solved 0.6 GHz at 127 deg
mixed 724 724 HH: Multi-region solved 0.6 GHz at 128 deg
mixed 724 724 HH: Multi-region solved 0.6 GHz at 129 deg
mixed 724 724 HH: Multi-region solved 0.6 GHz at 130 deg
mixed 724 724 HH: Multi-region solved 0.6 GHz at 131 deg
mixed 724 724 HH: Multi-region solved 0.6 GHz at 132 deg
mixed 724 724 HH: Multi-region solved 0.6 GHz at 133 deg
mixed 724 724 HH: Multi-region solved 0.6 GHz at 134 deg
mixed 724 724 HH: Multi-region solved 0.6 GHz at 135 deg
mixed 724 724 HH: Multi-region solved 0.6 GHz at 136 deg
mixed 724 724 HH: Multi-region solved 0.6 GHz at 137 deg
mixed 724 724 HH: Multi-region solved 0.6 GHz at 138 deg
mixed 724 724 HH: Multi-region solved 0.6 GHz at 139 deg
mixed 724 724 HH: Multi-region solved 0.6 GHz at 140 deg
mixed 724 724 HH: Multi-region solved 0.6 GHz at 141 deg
mixed 724 724 HH: Multi-region solved 0.6 GHz at 142 deg
mixed 724 724 HH: Multi-region solved 0.6 GHz at 143 deg
mixed 724 724 HH: Multi-region solved 0.6 GHz at 144 deg
mixed 724 724 HH: Multi-region solved 0.6 GHz at 145 deg
mixed 724 724 HH: Multi-region solved 0.6 GHz at 146 deg
mixed 724 724 HH: Multi-region solved 0.6 GHz at 147 deg
mixed 724 724 HH: Multi-region solved 0.6 GHz at 148 deg
mixed 724 724 HH: Multi-region solved 0.6 GHz at 149 deg
mixed 724 724 HH: Multi-region solved 0.6 GHz at 150 deg
mixed 724 724 HH: Multi-region solved 0.6 GHz at 151 deg
mixed 724 724 HH: Multi-region solved 0.6 GHz at 152 deg
mixed 724 724 HH: Multi-region solved 0.6 GHz at 153 deg
mixed 724 724 HH: Multi-region solved 0.6 GHz at 154 deg
mixed 724 724 HH: Multi-region solved 0.6 GHz at 155 deg
mixed 724 724 HH: Multi-region solved 0.6 GHz at 156 deg
mixed 724 724 HH: Multi-region solved 0.6 GHz at 157 deg
mixed 724 724 HH: Multi-region solved 0.6 GHz at 158 deg
mixed 724 724 HH: Multi-region solved 0.6 GHz at 159 deg
mixed 724 724 HH: Multi-region solved 0.6 GHz at 160 deg
mixed 724 724 HH: Multi-region solved 0.6 GHz at 161 deg
mixed 724 724 HH: Multi-region solved 0.6 GHz at 162 deg
mixed 724 724 HH: Multi-region solved 0.6 GHz at 163 deg
mixed 724 724 HH: Multi-region solved 0.6 GHz at 164 deg
mixed 724 724 HH: Multi-region solved 0.6 GHz at 165 deg
mixed 724 724 HH: Multi-region solved 0.6 GHz at 166 deg
mixed 724 724 HH: Multi-region solved 0.6 GHz at 167 deg
mixed 724 724 HH: Multi-region solved 0.6 GHz at 168 deg
mixed 724 724 HH: Multi-region solved 0.6 GHz at 169 deg
mixed 724 724 HH: Multi-region solved 0.6 GHz at 170 deg
mixed 724 724 HH: Multi-region solved 0.6 GHz at 171 deg
mixed 724 724 HH: Multi-region solved 0.6 GHz at 172 deg
mixed 724 724 HH: Multi-region solved 0.6 GHz at 173 deg
mixed 724 724 HH: Multi-region solved 0.6 GHz at 174 deg
mixed 724 724 HH: Multi-region solved 0.6 GHz at 175 deg
mixed 724 724 HH: Multi-region solved 0.6 GHz at 176 deg
mixed 724 724 HH: Multi-region solved 0.6 GHz at 177 deg
mixed 724 724 HH: Multi-region solved 0.6 GHz at 178 deg
mixed 724 724 HH: Multi-region solved 0.6 GHz at 179 deg
mixed 724 724 HH: Multi-region solved 0.6 GHz at 180 deg
mixed 724 724 HH: Multi-region solved 0.6 GHz at 181 deg
mixed 724 724 HH: Multi-region solved 0.6 GHz at 182 deg
mixed 724 724 HH: Multi-region solved 0.6 GHz at 183 deg
mixed 724 724 HH: Multi-region solved 0.6 GHz at 184 deg
mixed 724 724 HH: Multi-region solved 0.6 GHz at 185 deg
mixed 724 724 HH: Multi-region solved 0.6 GHz at 186 deg
mixed 724 724 HH: Multi-region solved 0.6 GHz at 187 deg
mixed 724 724 HH: Multi-region solved 0.6 GHz at 188 deg
mixed 724 724 HH: Multi-region solved 0.6 GHz at 189 deg
mixed 724 724 HH: Multi-region solved 0.6 GHz at 190 deg
mixed 724 724 HH: Multi-region solved 0.6 GHz at 191 deg
mixed 724 724 HH: Multi-region solved 0.6 GHz at 192 deg
mixed 724 724 HH: Multi-region solved 0.6 GHz at 193 deg
mixed 724 724 HH: Multi-region solved 0.6 GHz at 194 deg
mixed 724 724 HH: Multi-region solved 0.6 GHz at 195 deg
mixed 724 724 HH: Multi-region solved 0.6 GHz at 196 deg
mixed 724 724 HH: Multi-region solved 0.6 GHz at 197 deg
mixed 724 724 HH: Multi-region solved 0.6 GHz at 198 deg
mixed 724 724 HH: Multi-region solved 0.6 GHz at 199 deg
mixed 724 724 HH: Multi-region solved 0.6 GHz at 200 deg
mixed 724 724 HH: Multi-region solved 0.6 GHz at 201 deg
mixed 724 724 HH: Multi-region solved 0.6 GHz at 202 deg
mixed 724 724 HH: Multi-region solved 0.6 GHz at 203 deg
mixed 724 724 HH: Multi-region solved 0.6 GHz at 204 deg
mixed 724 724 HH: Multi-region solved 0.6 GHz at 205 deg
mixed 724 724 HH: Multi-region solved 0.6 GHz at 206 deg
mixed 724 724 HH: Multi-region solved 0.6 GHz at 207 deg
mixed 724 724 HH: Multi-region solved 0.6 GHz at 208 deg
mixed 724 724 HH: Multi-region solved 0.6 GHz at 209 deg
mixed 724 724 HH: Multi-region solved 0.6 GHz at 210 deg
mixed 724 724 HH: Multi-region solved 0.6 GHz at 211 deg
mixed 724 724 HH: Multi-region solved 0.6 GHz at 212 deg
mixed 724 724 HH: Multi-region solved 0.6 GHz at 213 deg
mixed 724 724 HH: Multi-region solved 0.6 GHz at 214 deg
mixed 724 724 HH: Multi-region solved 0.6 GHz at 215 deg
mixed 724 724 HH: Multi-region solved 0.6 GHz at 216 deg
mixed 724 724 HH: Multi-region solved 0.6 GHz at 217 deg
mixed 724 724 HH: Multi-region solved 0.6 GHz at 218 deg
mixed 724 724 HH: Multi-region solved 0.6 GHz at 219 deg
mixed 724 724 HH: Multi-region solved 0.6 GHz at 220 deg
mixed 724 724 HH: Multi-region solved 0.6 GHz at 221 deg
mixed 724 724 HH: Multi-region solved 0.6 GHz at 222 deg
mixed 724 724 HH: Multi-region solved 0.6 GHz at 223 deg
mixed 724 724 HH: Multi-region solved 0.6 GHz at 224 deg
mixed 724 724 HH: Multi-region solved 0.6 GHz at 225 deg
mixed 724 724 HH: Multi-region solved 0.6 GHz at 226 deg
mixed 724 724 HH: Multi-region solved 0.6 GHz at 227 deg
mixed 724 724 HH: Multi-region solved 0.6 GHz at 228 deg
mixed 724 724 HH: Multi-region solved 0.6 GHz at 229 deg
mixed 724 724 HH: Multi-region solved 0.6 GHz at 230 deg
mixed 724 724 HH: Multi-region solved 0.6 GHz at 231 deg
mixed 724 724 HH: Multi-region solved 0.6 GHz at 232 deg
mixed 724 724 HH: Multi-region solved 0.6 GHz at 233 deg
mixed 724 724 HH: Multi-region solved 0.6 GHz at 234 deg
mixed 724 724 HH: Multi-region solved 0.6 GHz at 235 deg
mixed 724 724 HH: Multi-region solved 0.6 GHz at 236 deg
mixed 724 724 HH: Multi-region solved 0.6 GHz at 237 deg
mixed 724 724 HH: Multi-region solved 0.6 GHz at 238 deg
mixed 724 724 HH: Multi-region solved 0.6 GHz at 239 deg
mixed 724 724 HH: Multi-region solved 0.6 GHz at 240 deg
mixed 724 724 HH: Multi-region solved 0.6 GHz at 241 deg
mixed 724 724 HH: Multi-region solved 0.6 GHz at 242 deg
mixed 724 724 HH: Multi-region solved 0.6 GHz at 243 deg
mixed 724 724 HH: Multi-region solved 0.6 GHz at 244 deg
mixed 724 724 HH: Multi-region solved 0.6 GHz at 245 deg
mixed 724 724 HH: Multi-region solved 0.6 GHz at 246 deg
mixed 724 724 HH: Multi-region solved 0.6 GHz at 247 deg
mixed 724 724 HH: Multi-region solved 0.6 GHz at 248 deg
mixed 724 724 HH: Multi-region solved 0.6 GHz at 249 deg
mixed 724 724 HH: Multi-region solved 0.6 GHz at 250 deg
mixed 724 724 HH: Multi-region solved 0.6 GHz at 251 deg
mixed 724 724 HH: Multi-region solved 0.6 GHz at 252 deg
mixed 724 724 HH: Multi-region solved 0.6 GHz at 253 deg
mixed 724 724 HH: Multi-region solved 0.6 GHz at 254 deg
mixed 724 724 HH: Multi-region solved 0.6 GHz at 255 deg
mixed 724 724 HH: Multi-region solved 0.6 GHz at 256 deg
mixed 724 724 HH: Multi-region solved 0.6 GHz at 257 deg
mixed 724 724 HH: Multi-region solved 0.6 GHz at 258 deg
mixed 724 724 HH: Multi-region solved 0.6 GHz at 259 deg
mixed 724 724 HH: Multi-region solved 0.6 GHz at 260 deg
mixed 724 724 HH: Multi-region solved 0.6 GHz at 261 deg
mixed 724 724 HH: Multi-region solved 0.6 GHz at 262 deg
mixed 724 724 HH: Multi-region solved 0.6 GHz at 263 deg
mixed 724 724 HH: Multi-region solved 0.6 GHz at 264 deg
mixed 724 724 HH: Multi-region solved 0.6 GHz at 265 deg
mixed 724 724 HH: Multi-region solved 0.6 GHz at 266 deg
mixed 724 724 HH: Multi-region solved 0.6 GHz at 267 deg
mixed 724 724 HH: Multi-region solved 0.6 GHz at 268 deg
mixed 724 724 HH: Multi-region solved 0.6 GHz at 269 deg
mixed 724 724 HH: Multi-region solved 0.6 GHz at 270 deg
mixed 724 724 HH: Multi-region solved 0.6 GHz at 271 deg
mixed 724 724 HH: Multi-region solved 0.6 GHz at 272 deg
mixed 724 724 HH: Multi-region solved 0.6 GHz at 273 deg
mixed 724 724 HH: Multi-region solved 0.6 GHz at 274 deg
mixed 724 724 HH: Multi-region solved 0.6 GHz at 275 deg
mixed 724 724 HH: Multi-region solved 0.6 GHz at 276 deg
mixed 724 724 HH: Multi-region solved 0.6 GHz at 277 deg
mixed 724 724 HH: Multi-region solved 0.6 GHz at 278 deg
mixed 724 724 HH: Multi-region solved 0.6 GHz at 279 deg
mixed 724 724 HH: Multi-region solved 0.6 GHz at 280 deg
mixed 724 724 HH: Multi-region solved 0.6 GHz at 281 deg
mixed 724 724 HH: Multi-region solved 0.6 GHz at 282 deg
mixed 724 724 HH: Multi-region solved 0.6 GHz at 283 deg
mixed 724 724 HH: Multi-region solved 0.6 GHz at 284 deg
mixed 724 724 HH: Multi-region solved 0.6 GHz at 285 deg
mixed 724 724 HH: Multi-region solved 0.6 GHz at 286 deg
mixed 724 724 HH: Multi-region solved 0.6 GHz at 287 deg
mixed 724 724 HH: Multi-region solved 0.6 GHz at 288 deg
mixed 724 724 HH: Multi-region solved 0.6 GHz at 289 deg
mixed 724 724 HH: Multi-region solved 0.6 GHz at 290 deg
mixed 724 724 HH: Multi-region solved 0.6 GHz at 291 deg
mixed 724 724 HH: Multi-region solved 0.6 GHz at 292 deg
mixed 724 724 HH: Multi-region solved 0.6 GHz at 293 deg
mixed 724 724 HH: Multi-region solved 0.6 GHz at 294 deg
mixed 724 724 HH: Multi-region solved 0.6 GHz at 295 deg
mixed 724 724 HH: Multi-region solved 0.6 GHz at 296 deg
mixed 724 724 HH: Multi-region solved 0.6 GHz at 297 deg
mixed 724 724 HH: Multi-region solved 0.6 GHz at 298 deg
mixed 724 724 HH: Multi-region solved 0.6 GHz at 299 deg
mixed 724 724 HH: Multi-region solved 0.6 GHz at 300 deg
mixed 724 724 HH: Multi-region solved 0.6 GHz at 301 deg
mixed 724 724 HH: Multi-region solved 0.6 GHz at 302 deg
mixed 724 724 HH: Multi-region solved 0.6 GHz at 303 deg
mixed 724 724 HH: Multi-region solved 0.6 GHz at 304 deg
mixed 724 724 HH: Multi-region solved 0.6 GHz at 305 deg
mixed 724 724 HH: Multi-region solved 0.6 GHz at 306 deg
mixed 724 724 HH: Multi-region solved 0.6 GHz at 307 deg
mixed 724 724 HH: Multi-region solved 0.6 GHz at 308 deg
mixed 724 724 HH: Multi-region solved 0.6 GHz at 309 deg
mixed 724 724 HH: Multi-region solved 0.6 GHz at 310 deg
mixed 724 724 HH: Multi-region solved 0.6 GHz at 311 deg
mixed 724 724 HH: Multi-region solved 0.6 GHz at 312 deg
mixed 724 724 HH: Multi-region solved 0.6 GHz at 313 deg
mixed 724 724 HH: Multi-region solved 0.6 GHz at 314 deg
mixed 724 724 HH: Multi-region solved 0.6 GHz at 315 deg
mixed 724 724 HH: Multi-region solved 0.6 GHz at 316 deg
mixed 724 724 HH: Multi-region solved 0.6 GHz at 317 deg
mixed 724 724 HH: Multi-region solved 0.6 GHz at 318 deg
mixed 724 724 HH: Multi-region solved 0.6 GHz at 319 deg
mixed 724 724 HH: Multi-region solved 0.6 GHz at 320 deg
mixed 724 724 HH: Multi-region solved 0.6 GHz at 321 deg
mixed 724 724 HH: Multi-region solved 0.6 GHz at 322 deg
mixed 724 724 HH: Multi-region solved 0.6 GHz at 323 deg
mixed 724 724 HH: Multi-region solved 0.6 GHz at 324 deg
mixed 724 724 HH: Multi-region solved 0.6 GHz at 325 deg
mixed 724 724 HH: Multi-region solved 0.6 GHz at 326 deg
mixed 724 724 HH: Multi-region solved 0.6 GHz at 327 deg
mixed 724 724 HH: Multi-region solved 0.6 GHz at 328 deg
mixed 724 724 HH: Multi-region solved 0.6 GHz at 329 deg
mixed 724 724 HH: Multi-region solved 0.6 GHz at 330 deg
mixed 724 724 HH: Multi-region solved 0.6 GHz at 331 deg
mixed 724 724 HH: Multi-region solved 0.6 GHz at 332 deg
mixed 724 724 HH: Multi-region solved 0.6 GHz at 333 deg
mixed 724 724 HH: Multi-region solved 0.6 GHz at 334 deg
mixed 724 724 HH: Multi-region solved 0.6 GHz at 335 deg
mixed 724 724 HH: Multi-region solved 0.6 GHz at 336 deg
mixed 724 724 HH: Multi-region solved 0.6 GHz at 337 deg
mixed 724 724 HH: Multi-region solved 0.6 GHz at 338 deg
mixed 724 724 HH: Multi-region solved 0.6 GHz at 339 deg
mixed 724 724 HH: Multi-region solved 0.6 GHz at 340 deg
mixed 724 724 HH: Multi-region solved 0.6 GHz at 341 deg
mixed 724 724 HH: Multi-region solved 0.6 GHz at 342 deg
mixed 724 724 HH: Multi-region solved 0.6 GHz at 343 deg
mixed 724 724 HH: Multi-region solved 0.6 GHz at 344 deg
mixed 724 724 HH: Multi-region solved 0.6 GHz at 345 deg
mixed 724 724 HH: Multi-region solved 0.6 GHz at 346 deg
mixed 724 724 HH: Multi-region solved 0.6 GHz at 347 deg
mixed 724 724 HH: Multi-region solved 0.6 GHz at 348 deg
mixed 724 724 HH: Multi-region solved 0.6 GHz at 349 deg
mixed 724 724 HH: Multi-region solved 0.6 GHz at 350 deg
mixed 724 724 HH: Multi-region solved 0.6 GHz at 351 deg
mixed 724 724 HH: Multi-region solved 0.6 GHz at 352 deg
mixed 724 724 HH: Multi-region solved 0.6 GHz at 353 deg
mixed 724 724 HH: Multi-region solved 0.6 GHz at 354 deg
mixed 724 724 HH: Multi-region solved 0.6 GHz at 355 deg
mixed 724 724 HH: Multi-region solved 0.6 GHz at 356 deg
mixed 724 724 HH: Multi-region solved 0.6 GHz at 357 deg
mixed 724 724 HH: Multi-region solved 0.6 GHz at 358 deg
mixed 724 724 HH: Multi-region solved 0.6 GHz at 359 deg
mixed 724 724 HH: Multi-region solved 0.6 GHz at 360 deg
mixed 3.6797532999989926 True 
sheet 0 724 VV: Initializing solver
sheet 0.973209499999939 True 
mixed_sheet 0 724 VV: Initializing solver
mixed_sheet 4.863365799999883 True 
thin 0 724 VV: Initializing solver
thin 2.2745187999971677 True 
thin_magnetic 0 724 VV: Initializing solver
thin_magnetic 3.9805937000019185 True 
transparent 0 724 VV: Initializing solver
transparent 0.014092599998548394 True 
